numero_uai;appellation;denomination;patronyme;etat_etabl;nature_uai;lib_nature;sous_fic;field_11;Coord_X;Coord_Y
488191;Collège John Kennedy;COLLEGE;JOHN KENNEDY;1;340;COLLEGE;3;;488191;6766669
490592;Collège Normandie-Maine;COLLEGE;NORMANDIE-MAINE;1;340;COLLEGE;3;;490592;6811417
489833;Lycée professionnel Claude Chappe;LYCEE PROFESSIONNEL;CLAUDE CHAPPE;1;320;LYCEE PROFESSIONNEL;3;;489833;6762679
494949;Collège René Cassin;COLLEGE;RENE CASSIN;1;340;COLLEGE;3;;494949;6789521
517173;Collège Guillaume Apollinaire;COLLEGE;GUILLAUME APOLLINAIRE;1;340;COLLEGE;3;;517173;6766371
518509;Collège Pierre de Ronsard;COLLEGE;PIERRE DE RONSARD;1;340;COLLEGE;3;;518509;6739264
505996;Lycée général et technologique Racan;LYCEE GENERAL ET TECHNOLOGIQUE;RACAN;1;300;LYCEE ENSEIGNT GENERAL ET TECHNOLOGIQUE;3;;505996;6736355
506179;Lycée professionnel Maréchal Leclerc de Hauteclocque;LYCEE PROFESSIONNEL;MAL LECLERC HAUTECLOCQUE;1;320;LYCEE PROFESSIONNEL;3;;506179;6735753
475549;Collège André Pioger;COLLEGE;ANDRE PIOGER;1;340;COLLEGE;3;;475549;6785095
513112;Collège François Grude;COLLEGE;FRANCOIS GRUDE;1;340;COLLEGE;3;;513112;6775982
524881;Lycée Polyvalent Robert Garnier;LYCEE POLYVALENT;ROBERT GARNIER;1;306;LYCEE POLYVALENT;3;;524881;6789846
479179;Collège Léo Delibes;COLLEGE;LEO DELIBES;1;340;COLLEGE;3;;479179;6802250
468402;Lycée polyvalent d'Estournelles de Constant;LYCEE POLYVALENT;D'ESTOURNELLES DE CONSTANT;1;306;LYCEE POLYVALENT;3;;468402;6738713
490589;Ecole primaire Courboulay;ECOLE PRIMAIRE PUBLIQUE;COURBOULAY;1;151;ECOLE DE NIVEAU ELEMENTAIRE;1;;490589;6770604
469863;Collège Petit Versailles;COLLEGE;PETIT VERSAILLES;1;340;COLLEGE;3;;469863;6737953
465050;Collège Belle-Vue;COLLEGE;BELLE-VUE;1;340;COLLEGE;3;;465050;6771032
504639;Lycée polyvalent Perseigne;LYCEE POLYVALENT;PERSEIGNE;1;306;LYCEE POLYVALENT;3;;504639;6808852
504563;Section d'enseignement professionnel;SECTION ENSEIGNT PROFESSIONNEL;;1;334;SECTION D ENSEIGNEMENT PROFESSIONNEL;3;;504563;6808866
491250;Lycée général Montesquieu;LYCEE GENERAL;MONTESQUIEU;1;302;LYCEE D ENSEIGNEMENT GENERAL;3;;491250;6771466
491434;Lycée général Bellevue;LYCEE GENERAL;BELLEVUE;1;302;LYCEE D ENSEIGNEMENT GENERAL;3;;491434;6771682
491436;Lycée polyvalent Gabriel Touchard - Washington;LYCEE POLYVALENT;GABRIEL TOUCHARD - WASHINGTON;1;306;LYCEE POLYVALENT;3;;491436;6769826
493303;Lycée professionnel Funay-Hélène Boucher;LP LYCEE DES METIERS;FUNAY-HELENE BOUCHER;1;320;LYCEE PROFESSIONNEL;3;;493303;6768308
492303;Collège Roger Vercel;COLLEGE;ROGER VERCEL;1;340;COLLEGE;3;;492303;6771234
490144;Collège Ambroise Paré;COLLEGE;AMBROISE PARE;1;340;COLLEGE;3;;490144;6770856
500420;Collège Jean Moulin;COLLEGE;JEAN MOULIN;1;340;COLLEGE;3;;500420;6797938
475964;Collège des Alpes Mancelles;COLLEGE;DES ALPES MANCELLES;1;340;COLLEGE;3;;475964;6812517
450070;Lycée polyvalent  Colbert de Torcy - Charles Cros;LPO LYCEE DES METIERS;COLBERT DE TORCY - CH. CROS;1;306;LYCEE POLYVALENT;3;;450070;6753958
450225;Section d'enseignement professionnel Charles Cros;SECTION ENSEIGNT PROFESSIONNEL;CHARLES CROS;1;334;SECTION D ENSEIGNEMENT PROFESSIONNEL;3;;450225;6753891
531615;Collège Jules Ferry;COLLEGE;JULES FERRY;1;340;COLLEGE;3;;531615;6759982
511531;Collège Véron de Forbonnais;COLLEGE;VERON DE FORBONNAIS;1;340;COLLEGE;3;;511531;6800386
468395;Lycée général et technologique Paul Scarron;LYCEE GENERAL ET TECHNOLOGIQUE;PAUL SCARRON;1;300;LYCEE ENSEIGNT GENERAL ET TECHNOLOGIQUE;3;;468395;6792640
531361;Collège Gabriel Goussault;COLLEGE;GABRIEL GOUSSAULT;1;340;COLLEGE;3;;531361;6775682
468434;Collège Le Vieux Chêne;COLLEGE;LE VIEUX CHENE;1;340;COLLEGE;3;;468434;6738796
468630;Section d'enseignement professionnel Ampère;SECTION ENSEIGNT PROFESSIONNEL;AMPERE;1;334;SECTION D ENSEIGNEMENT PROFESSIONNEL;3;;468630;6738829
491436;Section enseigt Professionnel Georges Washington;SECTION ENSEIGNT PROFESSIONNEL;GEORGE WASHINGTON;1;334;SECTION D ENSEIGNEMENT PROFESSIONNEL;3;;491436;6769826
505996;Collège de Bercé;COLLEGE;DE BERCE;1;340;COLLEGE;3;;505996;6736355
492060;Collège LEON TOLSTOI;COLLEGE;LEON TOLSTOI;1;340;COLLEGE;3;;492060;6772459
504647;Collège Alexandre Mauboussin;COLLEGE;ALEXANDRE MAUBOUSSIN;1;340;COLLEGE;3;;504647;6808660
450890;Collège Pierre Reverdy;COLLEGE;PIERRE REVERDY;1;340;COLLEGE;3;;450890;6754458
525627;Section d'Enseignement Professionnel du Lycée Polyvalent Robert Garnier;SECTION ENSEIGNT PROFESSIONNEL;ROBERT GARNIER;1;334;SECTION D ENSEIGNEMENT PROFESSIONNEL;3;;525627;6789065
492301;Collège Alain Fournier;COLLEGE;ALAIN FOURNIER;1;340;COLLEGE;3;;492301;6768857
531375;Ecole primaire Robert Deshayes;ECOLE PRIMAIRE PUBLIQUE;ROBERT DESHAYES;1;151;ECOLE DE NIVEAU ELEMENTAIRE;1;;531375;6753071
482966;Ecole primaire;ECOLE PRIMAIRE PUBLIQUE;R.P.I.;1;151;ECOLE DE NIVEAU ELEMENTAIRE;1;;482966;6782911
467851;Ecole primaire;ECOLE PRIMAIRE PUBLIQUE;RPI;1;151;ECOLE DE NIVEAU ELEMENTAIRE;1;;467851;6773474
506688;Ecole primaire Point du Jour;ECOLE PRIMAIRE PUBLIQUE;POINT DU JOUR;1;151;ECOLE DE NIVEAU ELEMENTAIRE;1;;506688;6735494
505781;Ecole primaire Beauregard;ECOLE PRIMAIRE PUBLIQUE;BEAUREGARD;1;151;ECOLE DE NIVEAU ELEMENTAIRE;1;;505781;6735322
506179;Ecole maternelle;ECOLE MATERNELLE PUBLIQUE;;1;101;ECOLE MATERNELLE;1;;506179;6735753
482328;Ecole primaire Jules Ferry;ECOLE PRIMAIRE PUBLIQUE;JULES FERRY;1;151;ECOLE DE NIVEAU ELEMENTAIRE;1;;482328;6773618
474972;Ecole primaire;ECOLE PRIMAIRE PUBLIQUE;;1;151;ECOLE DE NIVEAU ELEMENTAIRE;1;;474972;6762834
490528;Ecole primaire;ECOLE PRIMAIRE PUBLIQUE;R.P.I.;1;151;ECOLE DE NIVEAU ELEMENTAIRE;1;;490528;6802449
525726;Ecole primaire;ECOLE PRIMAIRE PUBLIQUE;;1;151;ECOLE DE NIVEAU ELEMENTAIRE;1;;525726;6788413
527807;Ecole primaire;ECOLE PRIMAIRE PUBLIQUE;;1;151;ECOLE DE NIVEAU ELEMENTAIRE;1;;527807;6790552
487309;Ecole primaire;ECOLE PRIMAIRE PUBLIQUE;;1;151;ECOLE DE NIVEAU ELEMENTAIRE;1;;487309;6818673
459372;Ecole maternelle;ECOLE MATERNELLE PUBLIQUE;R.P.I.;1;101;ECOLE MATERNELLE;1;;459372;6765799
531678;Ecole primaire;ECOLE PRIMAIRE PUBLIQUE;;1;151;ECOLE DE NIVEAU ELEMENTAIRE;1;;531678;6762824
513203;Ecole primaire Jean Rostand;ECOLE PRIMAIRE PUBLIQUE;JEAN ROSTAND;1;151;ECOLE DE NIVEAU ELEMENTAIRE;1;;513203;6776440
513249;Ecole maternelle;ECOLE MATERNELLE PUBLIQUE;;1;101;ECOLE MATERNELLE;1;;513249;6776204
529604;Ecole primaire Groupe 1;ECOLE PRIMAIRE PUBLIQUE;;1;151;ECOLE DE NIVEAU ELEMENTAIRE;1;;529604;6788032
481802;Ecole primaire;ECOLE PRIMAIRE PUBLIQUE;;1;151;ECOLE DE NIVEAU ELEMENTAIRE;1;;481802;6771553
502270;Ecole primaire;ECOLE PRIMAIRE PUBLIQUE;ANDRE GRASSIN;1;151;ECOLE DE NIVEAU ELEMENTAIRE;1;;502270;6775000
482617;Ecole primaire;ECOLE PRIMAIRE PUBLIQUE;;1;151;ECOLE DE NIVEAU ELEMENTAIRE;1;;482617;6765618
467930;Ecole maternelle;ECOLE MATERNELLE PUBLIQUE;R.P.I.;1;101;ECOLE MATERNELLE;1;;467930;6775478
525559;Ecole primaire;ECOLE PRIMAIRE PUBLIQUE;R.P.I.;1;151;ECOLE DE NIVEAU ELEMENTAIRE;1;;525559;6762266
496280;Ecole maternelle Saint-Exupéry;ECOLE MATERNELLE PUBLIQUE;ST EXUPERY;1;101;ECOLE MATERNELLE;1;;496280;6750745
496280;Ecole primaire;ECOLE PRIMAIRE PUBLIQUE;;1;151;ECOLE DE NIVEAU ELEMENTAIRE;1;;496280;6750745
515198;Ecole primaire;ECOLE PRIMAIRE PUBLIQUE;R.P.I.;1;151;ECOLE DE NIVEAU ELEMENTAIRE;1;;515198;6777243
486268;Ecole primaire;ECOLE PRIMAIRE PUBLIQUE;;1;151;ECOLE DE NIVEAU ELEMENTAIRE;1;;486268;6726964
510205;Ecole primaire;ECOLE PRIMAIRE PUBLIQUE;;1;151;ECOLE DE NIVEAU ELEMENTAIRE;1;;510205;6732482
481568;Ecole primaire;ECOLE PRIMAIRE PUBLIQUE;;1;151;ECOLE DE NIVEAU ELEMENTAIRE;1;;481568;6776011
496389;Ecole primaire;ECOLE PRIMAIRE PUBLIQUE;R.P.I.;1;151;ECOLE DE NIVEAU ELEMENTAIRE;1;;496389;6797809
476438;Ecole primaire;ECOLE PRIMAIRE PUBLIQUE;R.P.I.;1;151;ECOLE DE NIVEAU ELEMENTAIRE;1;;476438;6781961
477310;Ecole primaire;ECOLE PRIMAIRE PUBLIQUE;R.P.I.;1;151;ECOLE DE NIVEAU ELEMENTAIRE;1;;477310;6773107
477291;Ecole maternelle;ECOLE MATERNELLE PUBLIQUE;R.P.I.;1;101;ECOLE MATERNELLE;1;;477291;6773133
498150;Ecole primaire;ECOLE PRIMAIRE PUBLIQUE;;1;151;ECOLE DE NIVEAU ELEMENTAIRE;1;;498150;6785401
474095;Ecole primaire;ECOLE PRIMAIRE PUBLIQUE;;1;151;ECOLE DE NIVEAU ELEMENTAIRE;1;;474095;6746937
531700;Ecole primaire;ECOLE PRIMAIRE PUBLIQUE;R.P.I. COSNELLE;1;151;ECOLE DE NIVEAU ELEMENTAIRE;1;;531700;6785855
452851;Ecole primaire;ECOLE PRIMAIRE PUBLIQUE;MARCEL PAGNOL;1;151;ECOLE DE NIVEAU ELEMENTAIRE;1;;452851;6749453
463155;Ecole primaire;ECOLE PRIMAIRE PUBLIQUE;;1;151;ECOLE DE NIVEAU ELEMENTAIRE;1;;463155;6735329
485463;Ecole primaire;ECOLE PRIMAIRE PUBLIQUE;;1;151;ECOLE DE NIVEAU ELEMENTAIRE;1;;485463;6742241
475765;Ecole primaire;ECOLE PRIMAIRE PUBLIQUE;;1;151;ECOLE DE NIVEAU ELEMENTAIRE;1;;475765;6739142
488505;Ecole primaire;ECOLE PRIMAIRE PUBLIQUE;R.P.I. VAL D'ORTHON;1;151;ECOLE DE NIVEAU ELEMENTAIRE;1;;488505;6793967
501170;Ecole primaire;ECOLE PRIMAIRE PUBLIQUE;;1;151;ECOLE DE NIVEAU ELEMENTAIRE;1;;501170;6749799
496295;Ecole primaire Jules Ferry;ECOLE PRIMAIRE PUBLIQUE;JULES FERRY;1;151;ECOLE DE NIVEAU ELEMENTAIRE;1;;496295;6743633
495667;Ecole maternelle;ECOLE MATERNELLE PUBLIQUE;SAINT EXUPERY;1;101;ECOLE MATERNELLE;1;;495667;6743146
474372;Ecole primaire;ECOLE PRIMAIRE PUBLIQUE;;1;151;ECOLE DE NIVEAU ELEMENTAIRE;1;;474372;6751933
499236;Ecole primaire;ECOLE PRIMAIRE PUBLIQUE;R.P.I.;1;151;ECOLE DE NIVEAU ELEMENTAIRE;1;;499236;6791414
490960;Ecole primaire;ECOLE PRIMAIRE PUBLIQUE;;1;151;ECOLE DE NIVEAU ELEMENTAIRE;1;;490960;6758479
503865;Ecole primaire;ECOLE PRIMAIRE PUBLIQUE;R.P.I.;1;151;ECOLE DE NIVEAU ELEMENTAIRE;1;;503865;6734331
528457;Ecole primaire;ECOLE PRIMAIRE PUBLIQUE;R.P.I.;1;151;ECOLE DE NIVEAU ELEMENTAIRE;1;;528457;6762010
490644;Ecole primaire Groupe 1;ECOLE PRIMAIRE PUBLIQUE;;1;151;ECOLE DE NIVEAU ELEMENTAIRE;1;;490644;6786808
506958;Ecole primaire;ECOLE PRIMAIRE PUBLIQUE;;1;151;ECOLE DE NIVEAU ELEMENTAIRE;1;;506958;6775242
506909;Ecole maternelle;ECOLE MATERNELLE PUBLIQUE;;1;101;ECOLE MATERNELLE;1;;506909;6775263
489629;Ecole primaire;ECOLE PRIMAIRE PUBLIQUE;;1;151;ECOLE DE NIVEAU ELEMENTAIRE;1;;489629;6742814
476179;Ecole primaire;ECOLE PRIMAIRE PUBLIQUE;;1;151;ECOLE DE NIVEAU ELEMENTAIRE;1;;476179;6812273
496136;Ecole primaire;ECOLE PRIMAIRE PUBLIQUE;R.P.I.;1;151;ECOLE DE NIVEAU ELEMENTAIRE;1;;496136;6811987
473639;Ecole primaire;ECOLE PRIMAIRE PUBLIQUE;R.P.I.;1;151;ECOLE DE NIVEAU ELEMENTAIRE;1;;473639;6779967
504614;Ecole primaire;ECOLE MATERNELLE PUBLIQUE;R.P.I.;1;101;ECOLE MATERNELLE;1;;504614;6731604
512220;Ecole primaire;ECOLE PRIMAIRE PUBLIQUE;R.P.I.;1;151;ECOLE DE NIVEAU ELEMENTAIRE;1;;512220;6771746
483382;Ecole primaire;ECOLE PRIMAIRE PUBLIQUE;;1;151;ECOLE DE NIVEAU ELEMENTAIRE;1;;483382;6749496
463308;Ecole primaire;ECOLE PRIMAIRE PUBLIQUE;;1;151;ECOLE DE NIVEAU ELEMENTAIRE;1;;463308;6784709
483718;Ecole primaire;ECOLE PRIMAIRE PUBLIQUE;LES TROIS TILLEULS;1;151;ECOLE DE NIVEAU ELEMENTAIRE;1;;483718;6753923
503230;Ecole primaire Groupe 2;ECOLE PRIMAIRE PUBLIQUE;GUILLAUME APOLLINAIRE;1;151;ECOLE DE NIVEAU ELEMENTAIRE;1;;503230;6762853
503081;Ecole primaire Groupe 1;ECOLE PRIMAIRE PUBLIQUE;JEAN DE LA FONTAINE;1;151;ECOLE DE NIVEAU ELEMENTAIRE;1;;503081;6762848
503196;Ecole maternelle;ECOLE MATERNELLE PUBLIQUE;;1;101;ECOLE MATERNELLE;1;;503196;6762941
449520;Ecole primaire;ECOLE PRIMAIRE PUBLIQUE;ALAIN-BOURGETEAU;1;151;ECOLE DE NIVEAU ELEMENTAIRE;1;;449520;6755868
491941;Ecole primaire;ECOLE PRIMAIRE PUBLIQUE;ROLAND DERET;1;151;ECOLE DE NIVEAU ELEMENTAIRE;1;;491941;6756631
490547;Ecole maternelle Pauline Kergomard;ECOLE MATERNELLE D APPLICATION;PAULINE KERGOMARD;1;103;ECOLE MATERNELLE D APPLICATION;1;;490547;6771762
490457;Ecole primaire;ECOLE PRIMAIRE PUBLIQUE;;1;151;ECOLE DE NIVEAU ELEMENTAIRE;1;;490457;6774848
517835;Ecole primaire;ECOLE PRIMAIRE PUBLIQUE;R.P.I.;1;151;ECOLE DE NIVEAU ELEMENTAIRE;1;;517835;6754706
485886;Ecole primaire;ECOLE PRIMAIRE PUBLIQUE;;1;151;ECOLE DE NIVEAU ELEMENTAIRE;1;;485886;6787243
479428;Ecole primaire;ECOLE PRIMAIRE PUBLIQUE;;1;151;ECOLE DE NIVEAU ELEMENTAIRE;1;;479428;6742170
472753;Ecole primaire;ECOLE PRIMAIRE PUBLIQUE;;1;151;ECOLE DE NIVEAU ELEMENTAIRE;1;;472753;6756780
525133;Ecole primaire;ECOLE PRIMAIRE PUBLIQUE;TRISTAN KLINGSOR;1;151;ECOLE DE NIVEAU ELEMENTAIRE;1;;525133;6779205
453370;Ecole primaire;ECOLE PRIMAIRE PUBLIQUE;;1;151;ECOLE DE NIVEAU ELEMENTAIRE;1;;453370;6755314
475413;Ecole primaire;ECOLE PRIMAIRE PUBLIQUE;R.P.I.;1;151;ECOLE DE NIVEAU ELEMENTAIRE;1;;475413;6806176
490406;Ecole primaire;ECOLE PRIMAIRE PUBLIQUE;R.P.I. JEAN PHILIPPE CHABOT;1;151;ECOLE DE NIVEAU ELEMENTAIRE;1;;490406;6783509
476810;Ecole primaire;ECOLE PRIMAIRE PUBLIQUE;;1;151;ECOLE DE NIVEAU ELEMENTAIRE;1;;476810;6766254
510308;Ecole primaire;ECOLE MATERNELLE PUBLIQUE;R.P.I.;1;101;ECOLE MATERNELLE;1;;510308;6770987
446588;Ecole primaire;ECOLE PRIMAIRE PUBLIQUE;;1;151;ECOLE DE NIVEAU ELEMENTAIRE;1;;446588;6752859
487407;Ecole primaire;ECOLE PRIMAIRE PUBLIQUE;;1;151;ECOLE DE NIVEAU ELEMENTAIRE;1;;487407;6761819
490920;Ecole primaire;ECOLE PRIMAIRE PUBLIQUE;;1;151;ECOLE DE NIVEAU ELEMENTAIRE;1;;490920;6790424
495887;Ecole maternelle;ECOLE MATERNELLE PUBLIQUE;CROQUE LUNE;1;101;ECOLE MATERNELLE;1;;495887;6757816
495907;Ecole primaire Groupe 2;ECOLE PRIMAIRE PUBLIQUE;;1;151;ECOLE DE NIVEAU ELEMENTAIRE;1;;495907;6757707
516395;Ecole primaire Jacques-Yves Cousteau;ECOLE PRIMAIRE PUBLIQUE;JACQUES YVES COUSTEAU;1;151;ECOLE DE NIVEAU ELEMENTAIRE;1;;516395;6773601
484903;Ecole primaire Les Happelières;ECOLE PRIMAIRE PUBLIQUE;LES HAPPELIERES;1;151;ECOLE DE NIVEAU ELEMENTAIRE;1;;484903;6773562
515306;Ecole primaire Fernand Loriot;ECOLE PRIMAIRE PUBLIQUE;FERNAND LORIOT;1;151;ECOLE DE NIVEAU ELEMENTAIRE;1;;515306;6782059
471304;Ecole primaire;ECOLE MATERNELLE PUBLIQUE;R.P.I.;1;101;ECOLE MATERNELLE;1;;471304;6767094
523897;Ecole primaire Marcel Pagnol;ECOLE PRIMAIRE PUBLIQUE;R.P.I.  MARCEL PAGNOL;1;151;ECOLE DE NIVEAU ELEMENTAIRE;1;;523897;6750514
478567;Ecole primaire;ECOLE PRIMAIRE PUBLIQUE;RPI ROBERT DESNOS;1;151;ECOLE DE NIVEAU ELEMENTAIRE;1;;478567;6791313
531290;Ecole primaire;ECOLE PRIMAIRE PUBLIQUE;CATHERINE PAYSAN;1;151;ECOLE DE NIVEAU ELEMENTAIRE;1;;531290;6776048
531361;Ecole maternelle;ECOLE MATERNELLE PUBLIQUE;;1;101;ECOLE MATERNELLE;1;;531361;6775682
467816;Ecole primaire;ECOLE PRIMAIRE PUBLIQUE;LE MARRONNIER;1;151;ECOLE DE NIVEAU ELEMENTAIRE;1;;467816;6744774
454823;Ecole primaire;ECOLE PRIMAIRE PUBLIQUE;R.P.I.;1;151;ECOLE DE NIVEAU ELEMENTAIRE;1;;454823;6770033
488889;Ecole primaire;ECOLE PRIMAIRE PUBLIQUE;;1;151;ECOLE DE NIVEAU ELEMENTAIRE;1;;488889;6796377
510965;Ecole primaire;ECOLE PRIMAIRE PUBLIQUE;R.P.I.;1;151;ECOLE DE NIVEAU ELEMENTAIRE;1;;510965;6762173
509651;Ecole primaire;ECOLE PRIMAIRE PUBLIQUE;;1;151;ECOLE DE NIVEAU ELEMENTAIRE;1;;509651;6735685
487028;Ecole primaire;ECOLE PRIMAIRE PUBLIQUE;ECOLE PRIMAIRE;1;151;ECOLE DE NIVEAU ELEMENTAIRE;1;;487028;6750430
496678;Ecole primaire Condorcet;ECOLE PRIMAIRE PUBLIQUE;CHAMP MANON - CONDORCET;1;151;ECOLE DE NIVEAU ELEMENTAIRE;1;;496678;6771964
473469;Ecole primaire;ECOLE PRIMAIRE PUBLIQUE;DES NOISETIERS;1;151;ECOLE DE NIVEAU ELEMENTAIRE;1;;473469;6759839
526141;Ecole primaire Ledru Rollin;ECOLE PRIMAIRE PUBLIQUE;LEDRU ROLLIN;1;151;ECOLE DE NIVEAU ELEMENTAIRE;1;;526141;6789736
525576;Ecole primaire Jean Rostand;ECOLE PRIMAIRE PUBLIQUE;JEAN ROSTAND;1;151;ECOLE DE NIVEAU ELEMENTAIRE;1;;525576;6789895
525505;Ecole maternelle;ECOLE MATERNELLE PUBLIQUE;PAUL KLEE;1;101;ECOLE MATERNELLE;1;;525505;6789942
524906;Ecole primaire Victor Hugo;ECOLE PRIMAIRE PUBLIQUE;VICTOR HUGO;1;151;ECOLE DE NIVEAU ELEMENTAIRE;1;;524906;6789936
524858;Ecole primaire Marcel Pagnol;ECOLE PRIMAIRE PUBLIQUE;MARCEL PAGNOL;1;151;ECOLE DE NIVEAU ELEMENTAIRE;1;;524858;6790163
485207;Ecole primaire;ECOLE PRIMAIRE PUBLIQUE;;1;151;ECOLE DE NIVEAU ELEMENTAIRE;1;;485207;6759292
479192;Ecole primaire;ECOLE PRIMAIRE PUBLIQUE;A LA CLAIRE FONTAINE;1;151;ECOLE DE NIVEAU ELEMENTAIRE;1;;479192;6747478
459543;Ecole primaire;ECOLE PRIMAIRE PUBLIQUE;R.P.I.;1;151;ECOLE DE NIVEAU ELEMENTAIRE;1;;459543;6760848
479179;Ecole primaire;ECOLE PRIMAIRE PUBLIQUE;;1;151;ECOLE DE NIVEAU ELEMENTAIRE;1;;479179;6802250
483545;Ecole primaire  Fernand Chatelain;ECOLE PRIMAIRE PUBLIQUE;R.P.I. FERNAND CHATELAIN;1;151;ECOLE DE NIVEAU ELEMENTAIRE;1;;483545;6806786
535895;Ecole primaire;ECOLE PRIMAIRE PUBLIQUE;R.P.I.;1;151;ECOLE DE NIVEAU ELEMENTAIRE;1;;535895;6784168
485334;Ecole primaire;ECOLE PRIMAIRE PUBLIQUE;RENE CASSIN;1;151;ECOLE DE NIVEAU ELEMENTAIRE;1;;485334;6756604
493014;Ecole primaire;ECOLE PRIMAIRE PUBLIQUE;;1;151;ECOLE DE NIVEAU ELEMENTAIRE;1;;493014;6782566
467243;Ecole primaire Lazare de Baif;ECOLE PRIMAIRE PUBLIQUE;LAZARE DE BAIF;1;151;ECOLE DE NIVEAU ELEMENTAIRE;1;;467243;6740221
469448;Ecole primaire René Descartes;ECOLE PRIMAIRE PUBLIQUE;RENE DESCARTES;1;151;ECOLE DE NIVEAU ELEMENTAIRE;1;;469448;6737592
469470;Ecole primaire Louis Pasteur;ECOLE PRIMAIRE PUBLIQUE;LOUIS PASTEUR;1;151;ECOLE DE NIVEAU ELEMENTAIRE;1;;469470;6736949
493219;Ecole primaire Jean-Baptiste Galan;ECOLE PRIMAIRE PUBLIQUE;J. BAPTISTE GALAN;1;151;ECOLE DE NIVEAU ELEMENTAIRE;1;;493219;6756559
529402;Ecole primaire;ECOLE PRIMAIRE PUBLIQUE;GEORGES VALLEE;1;151;ECOLE DE NIVEAU ELEMENTAIRE;1;;529402;6782237
481495;Ecole primaire;ECOLE PRIMAIRE PUBLIQUE;RPI;1;151;ECOLE DE NIVEAU ELEMENTAIRE;1;;481495;6779390
476129;Ecole primaire;ECOLE PRIMAIRE PUBLIQUE;;1;151;ECOLE DE NIVEAU ELEMENTAIRE;1;;476129;6745479
507644;Ecole primaire;ECOLE PRIMAIRE PUBLIQUE;;1;151;ECOLE DE NIVEAU ELEMENTAIRE;1;;507644;6778669
470555;Ecole primaire;ECOLE PRIMAIRE PUBLIQUE;R.P.I.;1;151;ECOLE DE NIVEAU ELEMENTAIRE;1;;470555;6773276
456499;Ecole primaire;ECOLE PRIMAIRE PUBLIQUE;;1;151;ECOLE DE NIVEAU ELEMENTAIRE;1;;456499;6748625
479175;Ecole primaire;ECOLE PRIMAIRE PUBLIQUE;MOZART;1;151;ECOLE DE NIVEAU ELEMENTAIRE;1;;479175;6764581
504839;Ecole primaire;ECOLE PRIMAIRE PUBLIQUE;LES LUCIOLES;1;151;ECOLE DE NIVEAU ELEMENTAIRE;1;;504839;6737807
480767;Ecole primaire;ECOLE PRIMAIRE PUBLIQUE;;1;151;ECOLE DE NIVEAU ELEMENTAIRE;1;;480767;6737754
486715;Ecole primaire Joachim du Bellay;ECOLE PRIMAIRE PUBLIQUE;J DU BELLAY;1;151;ECOLE DE NIVEAU ELEMENTAIRE;1;;486715;6731376
486555;Ecole primaire Georges Brassens;ECOLE PRIMAIRE PUBLIQUE;GEORGES BRASSENS;1;151;ECOLE DE NIVEAU ELEMENTAIRE;1;;486555;6731104
472204;Ecole primaire;ECOLE PRIMAIRE PUBLIQUE;RPI;1;151;ECOLE DE NIVEAU ELEMENTAIRE;1;;472204;6764142
504810;Ecole primaire Louis Pasteur;ECOLE PRIMAIRE PUBLIQUE;LOUIS PASTEUR;1;151;ECOLE DE NIVEAU ELEMENTAIRE;1;;504810;6808616
505269;Ecole primaire Fort;ECOLE PRIMAIRE PUBLIQUE;FORT;1;151;ECOLE DE NIVEAU ELEMENTAIRE;1;;505269;6808834
505034;Ecole maternelle;ECOLE MATERNELLE PUBLIQUE;VICTOR HUGO;1;101;ECOLE MATERNELLE;1;;505034;6808589
489366;Ecole primaire Garnier-Pages;ECOLE PRIMAIRE PUBLIQUE;GARNIER-PAGES;1;151;ECOLE DE NIVEAU ELEMENTAIRE;1;;489366;6769690
490007;Ecole primaire Roger Bouvet;ECOLE PRIMAIRE PUBLIQUE;ROGER BOUVET;1;151;ECOLE DE NIVEAU ELEMENTAIRE;1;;490007;6772030
492489;Ecole primaire annexe Molière;ECOLE PRIMAIRE PUBLIQUE;MOLIERE;1;152;ECOLE ELEMENTAIRE ANNEXE D IUFM;1;;492489;6769592
492845;Ecole maternelle Pablo Picasso;ECOLE MATERNELLE PUBLIQUE;PABLO PICASSO;1;101;ECOLE MATERNELLE;1;;492845;6766846
491497;Ecole primaire d'application Suzanne Besson;ECOLE PRIMAIRE D'APPLICATION;BUSSON-BELLEVUE;1;153;ECOLE ELEMENTAIRE D APPLICATION;1;;491497;6771668
485435;Ecole primaire Roger Bazille;ECOLE PRIMAIRE PUBLIQUE;ROGER BAZILLE;1;151;ECOLE DE NIVEAU ELEMENTAIRE;1;;485435;6777706
487897;Ecole primaire Pasteur;ECOLE PRIMAIRE PUBLIQUE;PASTEUR;1;151;ECOLE DE NIVEAU ELEMENTAIRE;1;;487897;6766932
488010;Ecole maternelle Louis Pasteur;ECOLE MATERNELLE PUBLIQUE;LOUIS PASTEUR;1;101;ECOLE MATERNELLE;1;;488010;6766969
484514;Ecole primaire;ECOLE PRIMAIRE PUBLIQUE;;1;151;ECOLE DE NIVEAU ELEMENTAIRE;1;;484514;6814730
508019;Ecole primaire;ECOLE PRIMAIRE PUBLIQUE;R.P.I.;1;151;ECOLE DE NIVEAU ELEMENTAIRE;1;;508019;6769240
489885;Ecole primaire Gérard Philipe;ECOLE PRIMAIRE PUBLIQUE;GERARD PHILIPE;1;151;ECOLE DE NIVEAU ELEMENTAIRE;1;;489885;6762370
489804;Ecole maternelle Gérard Philipe;ECOLE MATERNELLE PUBLIQUE;GERARD PHILIPE;1;101;ECOLE MATERNELLE;1;;489804;6762291
489833;Ecole primaire Auguste Renoir;ECOLE PRIMAIRE PUBLIQUE;AUGUSTE RENOIR;1;151;ECOLE DE NIVEAU ELEMENTAIRE;1;;489833;6764450
489977;Ecole maternelle Maison de l'enfance;ECOLE MATERNELLE PUBLIQUE;FRANCOISE DOLTO;1;101;ECOLE MATERNELLE;1;;489977;6764091
458421;Ecole maternelle;ECOLE MATERNELLE PUBLIQUE;R.P.I.;1;101;ECOLE MATERNELLE;1;;458421;6759107
477063;Ecole primaire;ECOLE PRIMAIRE PUBLIQUE;R.P.I.;1;151;ECOLE DE NIVEAU ELEMENTAIRE;1;;477063;6806812
483507;Ecole primaire;ECOLE PRIMAIRE PUBLIQUE;R.P.I.  RENE BOURNEUF;1;151;ECOLE DE NIVEAU ELEMENTAIRE;1;;483507;6792016
471130;Ecole primaire;ECOLE PRIMAIRE PUBLIQUE;RPI;1;151;ECOLE DE NIVEAU ELEMENTAIRE;1;;471130;6771830
457593;Ecole primaire;ECOLE PRIMAIRE PUBLIQUE;RPI;1;151;ECOLE DE NIVEAU ELEMENTAIRE;1;;457593;6766552
527681;Ecole primaire;ECOLE PRIMAIRE PUBLIQUE;GEORGES CHARPAK;1;151;ECOLE DE NIVEAU ELEMENTAIRE;1;;527681;6794364
460384;Ecole primaire;ECOLE PRIMAIRE PUBLIQUE;R.P.I.;1;151;ECOLE DE NIVEAU ELEMENTAIRE;1;;460384;6756568
463072;Ecole primaire;ECOLE PRIMAIRE PUBLIQUE;;1;151;ECOLE DE NIVEAU ELEMENTAIRE;1;;463072;6745608
487953;Ecole primaire Jean Monnet;ECOLE PRIMAIRE PUBLIQUE;JEAN MONNET;1;151;ECOLE DE NIVEAU ELEMENTAIRE;1;;487953;6781271
505411;Ecole primaire;ECOLE PRIMAIRE PUBLIQUE;R.P.I.;1;151;ECOLE DE NIVEAU ELEMENTAIRE;1;;505411;6742831
488266;Ecole primaire Victor Hugo;ECOLE PRIMAIRE PUBLIQUE;HUGO-FORT;1;151;ECOLE DE NIVEAU ELEMENTAIRE;1;;488266;6767181
487131;Ecole primaire;ECOLE PRIMAIRE PUBLIQUE;;1;151;ECOLE DE NIVEAU ELEMENTAIRE;1;;487131;6795715
486933;Ecole maternelle;ECOLE MATERNELLE PUBLIQUE;;1;101;ECOLE MATERNELLE;1;;486933;6795749
514505;Ecole primaire;ECOLE PRIMAIRE PUBLIQUE;R.P.I.;1;151;ECOLE DE NIVEAU ELEMENTAIRE;1;;514505;6778701
533224;Ecole primaire;ECOLE PRIMAIRE PUBLIQUE;;1;151;ECOLE DE NIVEAU ELEMENTAIRE;1;;533224;6768437
472242;Ecole primaire;ECOLE PRIMAIRE PUBLIQUE;R.P.I.;1;151;ECOLE DE NIVEAU ELEMENTAIRE;1;;472242;6779152
531519;Ecole primaire;ECOLE PRIMAIRE PUBLIQUE;ECOLE PRIMAIRE;1;151;ECOLE DE NIVEAU ELEMENTAIRE;1;;531519;6750314
531462;Ecole maternelle Bourg Joli;ECOLE MATERNELLE PUBLIQUE;BOURG JOLI;1;101;ECOLE MATERNELLE;1;;531462;6750407
518745;Ecole primaire Jacques Prévert;ECOLE PRIMAIRE PUBLIQUE;;1;151;ECOLE DE NIVEAU ELEMENTAIRE;1;;518745;6784485
508596;Ecole primaire;ECOLE PRIMAIRE PUBLIQUE;;1;151;ECOLE DE NIVEAU ELEMENTAIRE;1;;508596;6789729
517416;Ecole primaire;ECOLE PRIMAIRE PUBLIQUE;;1;151;ECOLE DE NIVEAU ELEMENTAIRE;1;;517416;6766426
517353;Ecole maternelle;ECOLE MATERNELLE PUBLIQUE;;1;101;ECOLE MATERNELLE;1;;517353;6766388
470962;Ecole primaire;ECOLE PRIMAIRE PUBLIQUE;;1;151;ECOLE DE NIVEAU ELEMENTAIRE;1;;470962;6745430
501075;Ecole maternelle;ECOLE MATERNELLE PUBLIQUE;R.P.I. RUE PRINCIPALE;1;101;ECOLE MATERNELLE;1;;501075;6731178
487306;Ecole primaire;ECOLE PRIMAIRE PUBLIQUE;;1;151;ECOLE DE NIVEAU ELEMENTAIRE;1;;487306;6813621
497254;Ecole maternelle;ECOLE MATERNELLE PUBLIQUE;;1;101;ECOLE MATERNELLE;1;;497254;6768572
457548;Ecole primaire;ECOLE PRIMAIRE PUBLIQUE;;1;151;ECOLE DE NIVEAU ELEMENTAIRE;1;;457548;6742029
526246;Ecole primaire;ECOLE PRIMAIRE PUBLIQUE;R.P.I.;1;151;ECOLE DE NIVEAU ELEMENTAIRE;1;;526246;6746818
491812;Ecole primaire Albert Camus;ECOLE PRIMAIRE PUBLIQUE;CAMUS-HUGO;1;151;ECOLE DE NIVEAU ELEMENTAIRE;1;;491812;6772753
470495;Ecole primaire Léo Delibes;ECOLE PRIMAIRE PUBLIQUE;LEO DELIBES;1;151;ECOLE DE NIVEAU ELEMENTAIRE;1;;470495;6739283
492047;Ecole maternelle Maryse Bastié;ECOLE MATERNELLE PUBLIQUE;MARYSE BASTIE;1;101;ECOLE MATERNELLE;1;;492047;6767329
492430;Ecole maternelle Léonard de Vinci;ECOLE MATERNELLE PUBLIQUE;LEONARD DE VINCI;1;101;ECOLE MATERNELLE;1;;492430;6767792
491735;Ecole maternelle Vivaldi;ECOLE MATERNELLE PUBLIQUE;VIVALDI;1;101;ECOLE MATERNELLE;1;;491735;6767224
491273;Ecole maternelle Docteur Calmette;ECOLE MATERNELLE PUBLIQUE;DOCTEUR CALMETTE;1;101;ECOLE MATERNELLE;1;;491273;6766712
490760;Ecole maternelle Berthe Hubert;ECOLE MATERNELLE PUBLIQUE;BERTHE HUBERT;1;101;ECOLE MATERNELLE;1;;490760;6769534
493275;Ecole maternelle Louis Pergaud;ECOLE MATERNELLE PUBLIQUE;LOUIS PERGAUD;1;101;ECOLE MATERNELLE;1;;493275;6767845
491359;Ecole maternelle Cité des Pins;ECOLE MATERNELLE PUBLIQUE;CITE DES PINS;1;101;ECOLE MATERNELLE;1;;491359;6766525
491253;Ecole maternelle Jules Ferry;ECOLE MATERNELLE PUBLIQUE;JULES FERRY;1;101;ECOLE MATERNELLE;1;;491253;6767824
491964;Ecole maternelle Haureau Val d'Huisne;ECOLE MATERNELLE PUBLIQUE;HAUREAU;1;101;ECOLE MATERNELLE;1;;491964;6768788
489663;Ecole maternelle Louise Labé;ECOLE MATERNELLE PUBLIQUE;LOUISE LABE;1;101;ECOLE MATERNELLE;1;;489663;6772591
489510;Ecole maternelle Marie Curie;ECOLE MATERNELLE PUBLIQUE;MARIE CURIE;1;101;ECOLE MATERNELLE;1;;489510;6769705
489991;Ecole maternelle Chasse Royale;ECOLE MATERNELLE PUBLIQUE;CHASSE ROYALE;1;101;ECOLE MATERNELLE;1;;489991;6771954
490177;Ecole maternelle Pesche;ECOLE MATERNELLE PUBLIQUE;PESCHE;1;101;ECOLE MATERNELLE;1;;490177;6770971
491515;Ecole maternelle Germain Pilon;ECOLE MATERNELLE PUBLIQUE;GERMAIN PILON;1;101;ECOLE MATERNELLE;1;;491515;6771666
496553;Ecole primaire;ECOLE PRIMAIRE PUBLIQUE;R.P.I.;1;151;ECOLE DE NIVEAU ELEMENTAIRE;1;;496553;6728565
485985;Ecole primaire;ECOLE PRIMAIRE PUBLIQUE;R.P.I.;1;151;ECOLE DE NIVEAU ELEMENTAIRE;1;;485985;6799233
524369;Ecole primaire;ECOLE PRIMAIRE PUBLIQUE;;1;151;ECOLE DE NIVEAU ELEMENTAIRE;1;;524369;6742751
450990;Ecole primaire François Rabelais;ECOLE PRIMAIRE PUBLIQUE;F RABELAIS;1;151;ECOLE DE NIVEAU ELEMENTAIRE;1;;450990;6746055
450852;Ecole maternelle Pomme d'Api;ECOLE MATERNELLE PUBLIQUE;POMME D'API;1;101;ECOLE MATERNELLE;1;;450852;6746093
523593;Ecole primaire Henri Matisse;ECOLE PRIMAIRE PUBLIQUE;HENRI MATISSE;1;151;ECOLE DE NIVEAU ELEMENTAIRE;1;;523593;6795430
514238;Ecole primaire;ECOLE PRIMAIRE PUBLIQUE;R.P.I.  CASSINI;1;151;ECOLE DE NIVEAU ELEMENTAIRE;1;;514238;6791778
456054;Ecole primaire;ECOLE PRIMAIRE PUBLIQUE;;1;151;ECOLE DE NIVEAU ELEMENTAIRE;1;;456054;6774912
511818;Ecole primaire;ECOLE PRIMAIRE PUBLIQUE;CLAUDE BOUCHARD;1;151;ECOLE DE NIVEAU ELEMENTAIRE;1;;511818;6800163
502201;Ecole primaire;ECOLE PRIMAIRE PUBLIQUE;;1;151;ECOLE DE NIVEAU ELEMENTAIRE;1;;502201;6777308
508892;Ecole primaire;ECOLE PRIMAIRE PUBLIQUE;;1;151;ECOLE DE NIVEAU ELEMENTAIRE;1;;508892;6782228
531399;Ecole maternelle;ECOLE MATERNELLE PUBLIQUE;;1;101;ECOLE MATERNELLE;1;;531399;6760241
531901;Ecole primaire Paul Bert;ECOLE PRIMAIRE PUBLIQUE;PAUL BERT;1;151;ECOLE DE NIVEAU ELEMENTAIRE;1;;531901;6760452
493338;Ecole primaire;ECOLE PRIMAIRE PUBLIQUE;JEAN DE LA FONTAINE;1;151;ECOLE DE NIVEAU ELEMENTAIRE;1;;493338;6750422
520838;Ecole primaire;ECOLE PRIMAIRE PUBLIQUE;VINCENT VAN GOGH;1;151;ECOLE DE NIVEAU ELEMENTAIRE;1;;520838;6788424
474885;Ecole primaire;ECOLE PRIMAIRE PUBLIQUE;R.P.I.;1;151;ECOLE DE NIVEAU ELEMENTAIRE;1;;474885;6798291
521629;Ecole primaire;ECOLE PRIMAIRE PUBLIQUE;;1;151;ECOLE DE NIVEAU ELEMENTAIRE;1;;521629;6741615
470495;Ecole primaire;ECOLE PRIMAIRE PUBLIQUE;R.P.I.;1;151;ECOLE DE NIVEAU ELEMENTAIRE;1;;470495;6777789
486487;Ecole primaire;ECOLE PRIMAIRE PUBLIQUE;;1;151;ECOLE DE NIVEAU ELEMENTAIRE;1;;486487;6771046
468399;Ecole primaire;ECOLE PRIMAIRE PUBLIQUE;;1;151;ECOLE DE NIVEAU ELEMENTAIRE;1;;468399;6786771
488885;Ecole primaire;ECOLE PRIMAIRE PUBLIQUE;R.P.I.;1;151;ECOLE DE NIVEAU ELEMENTAIRE;1;;488885;6806432
481121;ECOLE ELEMENTAIRE DU CHEMIN DE L'ETRE;ECOLE ELEMENTAIRE PUBLIQUE;;1;151;ECOLE DE NIVEAU ELEMENTAIRE;1;;481121;6759380
479579;Ecole primaire;ECOLE PRIMAIRE PUBLIQUE;R.P.I.;1;151;ECOLE DE NIVEAU ELEMENTAIRE;1;;479579;6777234
469566;Ecole primaire;ECOLE PRIMAIRE PUBLIQUE;R.P.I.;1;151;ECOLE DE NIVEAU ELEMENTAIRE;1;;469566;6804210
492334;Ecole primaire René Descartes;ECOLE PRIMAIRE PUBLIQUE;RENE DESCARTES;1;151;ECOLE DE NIVEAU ELEMENTAIRE;1;;492334;6770126
490534;Ecole primaire Edouard de la Boussinière;ECOLE PRIMAIRE PUBLIQUE;EDOUARD DE LA BOUSSINIERE;1;151;ECOLE DE NIVEAU ELEMENTAIRE;1;;490534;6771822
490685;Ecole primaire Alfred de Musset;ECOLE PRIMAIRE PUBLIQUE;ALFRED DE MUSSET;1;151;ECOLE DE NIVEAU ELEMENTAIRE;1;;490685;6769514
491233;Ecole primaire Jules Ferry;ECOLE PRIMAIRE PUBLIQUE;JULES FERRY;1;151;ECOLE DE NIVEAU ELEMENTAIRE;1;;491233;6767841
491384;Ecole primaire Jean Mermoz;ECOLE PRIMAIRE PUBLIQUE;JEAN MERMOZ;1;151;ECOLE DE NIVEAU ELEMENTAIRE;1;;491384;6766804
491679;Ecole primaire Gounod Michel;ECOLE PRIMAIRE PUBLIQUE;GOUNOD _ MICHEL;1;151;ECOLE DE NIVEAU ELEMENTAIRE;1;;491679;6767190
492453;Ecole maternelle Les Maillets;ECOLE MATERNELLE PUBLIQUE;LES MAILLETS;1;101;ECOLE MATERNELLE;1;;492453;6772198
491979;Ecole maternelle Pape Carpantier;ECOLE MATERNELLE PUBLIQUE;PAPE CARPANTIER;1;101;ECOLE MATERNELLE;1;;491979;6770202
491084;Ecole maternelle Claude Chappe;ECOLE MATERNELLE PUBLIQUE;CLAUDE CHAPPE;1;101;ECOLE MATERNELLE;1;;491084;6770968
491103;Ecole maternelle Général Gougeard;ECOLE MATERNELLE PUBLIQUE;GENERAL GOUGEARD;1;101;ECOLE MATERNELLE;1;;491103;6770228
491080;Ecole primaire Dulac;ECOLE PRIMAIRE PUBLIQUE;DULAC;1;151;ECOLE DE NIVEAU ELEMENTAIRE;1;;491080;6770974
491578;Ecole primaire Pierre Belon;ECOLE PRIMAIRE PUBLIQUE;PIERRE BELON;1;151;ECOLE DE NIVEAU ELEMENTAIRE;1;;491578;6770599
491771;Ecole primaire Pierre Philippeaux;ECOLE PRIMAIRE PUBLIQUE;PIERRE PHILIPPEAUX;1;151;ECOLE DE NIVEAU ELEMENTAIRE;1;;491771;6768930
492266;Ecole primaire Camille Claudel;ECOLE PRIMAIRE PUBLIQUE;CAMILLE CLAUDEL;1;151;ECOLE DE NIVEAU ELEMENTAIRE;1;;492266;6772433
490673;Ecole primaire Jean Macé;ECOLE PRIMAIRE PUBLIQUE;JEAN MACE;1;151;ECOLE DE NIVEAU ELEMENTAIRE;1;;490673;6769358
492430;Ecole primaire Michel Ange;ECOLE PRIMAIRE PUBLIQUE;MICHEL ANGE;1;151;ECOLE DE NIVEAU ELEMENTAIRE;1;;492430;6767792
492158;Ecole primaire Moquet Glonières;ECOLE PRIMAIRE PUBLIQUE;MOQUET GLONNIERES;1;151;ECOLE DE NIVEAU ELEMENTAIRE;1;;492158;6767514
492436;Ecole primaire Ferdinand Buisson;ECOLE PRIMAIRE PUBLIQUE;FERDINAND BUISSON;1;151;ECOLE DE NIVEAU ELEMENTAIRE;1;;492436;6770905
500166;Ecole primaire;ECOLE PRIMAIRE PUBLIQUE;;1;151;ECOLE DE NIVEAU ELEMENTAIRE;1;;500166;6755724
504402;Ecole primaire Claude Chappe;ECOLE PRIMAIRE PUBLIQUE;CLAUDE CHAPPE;1;151;ECOLE DE NIVEAU ELEMENTAIRE;1;;504402;6773090
504512;Ecole maternelle Les Hauts Champs;ECOLE MATERNELLE PUBLIQUE;LES HAUTS CHAMPS;1;101;ECOLE MATERNELLE;1;;504512;6772853
481111;Ecole primaire;ECOLE PRIMAIRE PUBLIQUE;;1;151;ECOLE DE NIVEAU ELEMENTAIRE;1;;481111;6803157
486079;Ecole primaire;ECOLE PRIMAIRE PUBLIQUE;;1;151;ECOLE DE NIVEAU ELEMENTAIRE;1;;486079;6816644
507696;Ecole primaire;ECOLE PRIMAIRE PUBLIQUE;R.P.I.;1;151;ECOLE DE NIVEAU ELEMENTAIRE;1;;507696;6730361
470341;Ecole primaire;ECOLE PRIMAIRE PUBLIQUE;HENRI NIGOUL;1;151;ECOLE DE NIVEAU ELEMENTAIRE;1;;470341;6791835
507387;Ecole primaire;ECOLE PRIMAIRE PUBLIQUE;R.P.I.;1;151;ECOLE DE NIVEAU ELEMENTAIRE;1;;507387;6804101
483931;Ecole primaire;ECOLE PRIMAIRE PUBLIQUE;;1;151;ECOLE DE NIVEAU ELEMENTAIRE;1;;483931;6786274
488669;Ecole primaire;ECOLE PRIMAIRE PUBLIQUE;;1;151;ECOLE DE NIVEAU ELEMENTAIRE;1;;488669;6777417
468036;Ecole primaire;ECOLE PRIMAIRE PUBLIQUE;R.P.I.;1;151;ECOLE DE NIVEAU ELEMENTAIRE;1;;468036;6779147
506096;Ecole primaire;ECOLE PRIMAIRE PUBLIQUE;R.P.I.;1;151;ECOLE DE NIVEAU ELEMENTAIRE;1;;506096;6802924
499000;Ecole primaire Jacques Prévert;ECOLE PRIMAIRE PUBLIQUE;JACQUES PREVERT;1;151;ECOLE DE NIVEAU ELEMENTAIRE;1;;499000;6778264
520311;Ecole primaire;ECOLE PRIMAIRE PUBLIQUE;;1;151;ECOLE DE NIVEAU ELEMENTAIRE;1;;520311;6781108
479094;Ecole primaire;ECOLE PRIMAIRE PUBLIQUE;R.P.I.;1;151;ECOLE DE NIVEAU ELEMENTAIRE;1;;479094;6792991
525144;Ecole primaire;ECOLE PRIMAIRE PUBLIQUE;;1;151;ECOLE DE NIVEAU ELEMENTAIRE;1;;525144;6771820
492789;Collège Vauguyon;COLLEGE;VAUGUYON;1;340;COLLEGE;3;;492789;6767429
488835;Collège Vieux Colombier;COLLEGE;VIEUX COLOMBIER;1;340;COLLEGE;3;;488835;6769490
489840;Collège Jean de l'Epine;COLLEGE;JEAN DE L'EPINE;1;340;COLLEGE;3;;489840;6772317
491877;Collège Albert Camus;COLLEGE;ALBERT CAMUS;1;340;COLLEGE;3;;491877;6769187
531649;Collège privé Frère André;COLLEGE PRIVE;FRERE ANDRE;1;340;COLLEGE;3;;531649;6759727
506528;Collège privé Saint Jean;COLLEGE PRIVE;ST JEAN;1;340;COLLEGE;3;;506528;6736001
525736;Collège privé Notre-Dame;COLLEGE PRIVE;NOTRE DAME;1;340;COLLEGE;3;;525736;6789790
464851;Collège privé Saint Michel;COLLEGE PRIVE;ST MICHEL;1;340;COLLEGE;3;;464851;6770530
486750;Collège privé Saint Joseph-Lorraine;COLLEGE PRIVE;ST JOSEPH LORRAINE;1;340;COLLEGE;3;;486750;6768849
490268;Collège privé Les Mûriers;COLLEGE PRIVE;LES MURIERS;1;340;COLLEGE;3;;490268;6771507
491999;Collège privé Sacré-Coeur de Pontlieue;COLLEGE PRIVE;SACRE COEUR DE PONTLIEUE;1;340;COLLEGE;3;;491999;6768001
467592;Collège privé Saint Coeur de Marie;COLLEGE PRIVE;ST COEUR DE MARIE;1;340;COLLEGE;3;;467592;6791655
491858;Lycée polyvalent privé Saint Charles;LPO LYCEE DES METIERS;ST CHARLES;1;306;LYCEE POLYVALENT;3;;491858;6770520
491858;Section d'enseignement professionnel du Lycée polyvalent privé Saint Charles;SECTION ENSEIGT PROFES.PRIVEE;LPO ST CHARLES;1;334;SECTION D ENSEIGNEMENT PROFESSIONNEL;3;;491858;6770520
489783;Lycée polyvalent privé Sainte Catherine;LYC POLYVAL PRIVE DES METIERS;STE CATHERINE;1;306;LYCEE POLYVALENT;3;;489783;6772899
491930;Lycée professionnel privé du Sacré Coeur de Pontlieue;LYCEE PROFESSIONNEL PRIVE;DU SACRE COEUR DE PONTLIEUE;2;320;LYCEE PROFESSIONNEL;3;;491930;6768044
491761;Lycée professionnel privé Joseph Roussel;LYCEE PROFESSIONNEL PRIVE;JOSEPH ROUSSEL;1;320;LYCEE PROFESSIONNEL;3;;491761;6770524
490995;Ecole secondaire professionnelle privée pigier le Mans;ECOLE 2D DEGRE PROF.PRIVEE;PIGIER;1;320;LYCEE PROFESSIONNEL;3;;490995;6770525
469046;Lycée général privé Notre-Dame;LYCEE GENERAL PRIVE;NOTRE DAME;1;302;LYCEE D ENSEIGNEMENT GENERAL;3;;469046;6737862
492183;Lycée général et technologique privé Notre-Dame de Sainte-Croix;LYCEE GEN.ET TECHNOL.PRIVE;ND DE STE CROIX;1;300;LYCEE ENSEIGNT GENERAL ET TECHNOLOGIQUE;3;;492183;6770237
490769;Collège privé Saint Louis;COLLEGE PRIVE;ST LOUIS;1;340;COLLEGE;3;;490769;6770385
491562;Collège privé Psallette Saint Vincent;COLLEGE PRIVE;PSALLETTE ST VINCENT;1;340;COLLEGE;3;;491562;6771994
491200;Lycée général et technologique privé Notre-Dame;LYCEE GEN.ET TECHNOL.PRIVE;NOTRE DAME;1;300;LYCEE ENSEIGNT GENERAL ET TECHNOLOGIQUE;3;;491200;6770698
491497;Collège privé Saint Julien;COLLEGE PRIVE;ST JULIEN;1;340;COLLEGE;3;;491497;6770993
483902;Lycée général privé Saint Michel des Perrais;LYCEE GENERAL PRIVE;ST MICHEL DES PERRAIS;1;302;LYCEE D ENSEIGNEMENT GENERAL;3;;483902;6753653
450482;Lycée polyvalent privé Sainte Anne;LYCEE POLYVALENT PRIVE;STE ANNE;1;306;LYCEE POLYVALENT;3;;450482;6754303
503259;Collège Louis Cordelet;COLLEGE;LOUIS CORDELET;1;340;COLLEGE;3;;503259;6762533
492702;Ecole maternelle Claude Bernard;ECOLE MATERNELLE PUBLIQUE;CLAUDE BERNARD;1;101;ECOLE MATERNELLE;1;;492702;6768931
492281;Ecole maternelle Le Plateau;ECOLE MATERNELLE PUBLIQUE;LUCIE AUBRAC;1;101;ECOLE MATERNELLE;1;;492281;6772325
492989;Ecole maternelle Clairefontaine;ECOLE MATERNELLE PUBLIQUE;CLAIREFONTAINE;1;101;ECOLE MATERNELLE;1;;492989;6771178
490358;Ecole maternelle La Madeleine;ECOLE MATERNELLE PUBLIQUE;LA MADELEINE;1;101;ECOLE MATERNELLE;1;;490358;6773006
493281;Ecole maternelle Jean Vilar;ECOLE MATERNELLE PUBLIQUE;JEAN VILAR;1;101;ECOLE MATERNELLE;1;;493281;6767464
488183;Ecole maternelle Jules Ferry;ECOLE MATERNELLE PUBLIQUE;JULES FERRY;1;101;ECOLE MATERNELLE;1;;488183;6766768
469344;Ecole maternelle d'Estournelles de Constant;ECOLE MATERNELLE PUBLIQUE;D ESTOURNELLES DE CONSTANT;1;101;ECOLE MATERNELLE;1;;469344;6737168
500856;Ecole maternelle Kergomard;ECOLE MATERNELLE PUBLIQUE;P. KERGOMARD;1;101;ECOLE MATERNELLE;1;;500856;6772450
468605;Ecole primaire Latouche;ECOLE PRIMAIRE PUBLIQUE;LATOUCHE THOREE;1;151;ECOLE DE NIVEAU ELEMENTAIRE;1;;468605;6737588
490331;Ecole primaire La Madeleine;ECOLE PRIMAIRE PUBLIQUE;LA MADELEINE;1;151;ECOLE DE NIVEAU ELEMENTAIRE;1;;490331;6772955
489264;Ecole primaire Les Ardriers;ECOLE PRIMAIRE PUBLIQUE;LES ARDRIERS;1;151;ECOLE DE NIVEAU ELEMENTAIRE;1;;489264;6771199
493447;Ecole primaire Gaston Bachelard;ECOLE PRIMAIRE PUBLIQUE;GASTON BACHELARD;1;151;ECOLE DE NIVEAU ELEMENTAIRE;1;;493447;6769591
492648;Ecole primaire Gérard Philipe;ECOLE PRIMAIRE PUBLIQUE;GERARD PHILIPE;1;151;ECOLE DE NIVEAU ELEMENTAIRE;1;;492648;6768956
513605;Ecole primaire;ECOLE PRIMAIRE PUBLIQUE;;1;151;ECOLE DE NIVEAU ELEMENTAIRE;1;;513605;6757080
452075;Ecole primaire Saint-Exupéry;ECOLE PRIMAIRE PUBLIQUE;SAINT-EXUPERY;1;151;ECOLE DE NIVEAU ELEMENTAIRE;1;;452075;6753767
451075;Ecole primaire Gilles Ménage;ECOLE PRIMAIRE PUBLIQUE;GILLES MENAGE;1;151;ECOLE DE NIVEAU ELEMENTAIRE;1;;451075;6753886
491768;Collège Le Ronceray;COLLEGE;LE RONCERAY;1;340;COLLEGE;3;;491768;6766829
488149;Ecole primaire Jules Ferry;ECOLE PRIMAIRE PUBLIQUE;JULES FERRY;1;151;ECOLE DE NIVEAU ELEMENTAIRE;1;;488149;6766955
469334;Ecole maternelle;ECOLE MATERNELLE PUBLIQUE;PAPE CARPANTIER;1;101;ECOLE MATERNELLE;1;;469334;6737590
500494;Ecole maternelle;ECOLE MATERNELLE PUBLIQUE;;1;101;ECOLE MATERNELLE;1;;500494;6797859
451982;Ecole maternelle Saint-Exupéry;ECOLE MATERNELLE PUBLIQUE;SAINT-EXUPERY;1;101;ECOLE MATERNELLE;1;;451982;6753717
489264;Ecole maternelle Les Ardriers;ECOLE MATERNELLE PUBLIQUE;LES ARDRIERS;1;101;ECOLE MATERNELLE;1;;489264;6771199
488191;Section d'enseignement général et professionnel adapté du Collège Kennedy;SEGPA;CLG KENNEDY;1;390;SECTION ENSEIGNT GEN. ET PROF. ADAPTE;3;;488191;6766669
492789;Section d'enseignement général et professionnel adapté du Collège Vauguyon;SEGPA;CLG VAUGUYON;1;390;SECTION ENSEIGNT GEN. ET PROF. ADAPTE;3;;492789;6767429
491006;Collège Maroc Huchepie;COLLEGE;MAROC HUCHEPIE;1;340;COLLEGE;3;;491006;6766793
489833;Collège Henri Lefeuvre;COLLEGE;HENRI LEFEUVRE;1;340;COLLEGE;3;;489833;6762679
487067;Collège Le Joncheray;COLLEGE;LE JONCHERAY;1;340;COLLEGE;3;;487067;6795872
477593;Collège Ariste-Jacques Trouvé Chauvel;COLLEGE;A.J.TROUVE-CHAUVEL;1;340;COLLEGE;3;;477593;6758525
491618;Collège Jean Cocteau;COLLEGE;JEAN COCTEAU;1;340;COLLEGE;3;;491618;6773197
479260;Ecole primaire;ECOLE PRIMAIRE PUBLIQUE;R.P.I;1;151;ECOLE DE NIVEAU ELEMENTAIRE;1;;479260;6787917
500554;Ecole primaire;ECOLE PRIMAIRE PUBLIQUE;;1;151;ECOLE DE NIVEAU ELEMENTAIRE;1;;500554;6797687
477033;Ecole maternelle;ECOLE MATERNELLE PUBLIQUE;R.P.I.;1;101;ECOLE MATERNELLE;1;;477033;6788056
481211;Ecole primaire;ECOLE PRIMAIRE PUBLIQUE;;1;151;ECOLE DE NIVEAU ELEMENTAIRE;1;;481211;6762953
536612;Ecole primaire;ECOLE PRIMAIRE PUBLIQUE;;1;151;ECOLE DE NIVEAU ELEMENTAIRE;1;;536612;6768334
489768;Ecole primaire Marcel Pagnol;ECOLE PRIMAIRE PUBLIQUE;MARCEL PAGNOL;1;151;ECOLE DE NIVEAU ELEMENTAIRE;1;;489768;6772743
517703;Ecole primaire;ECOLE PRIMAIRE PUBLIQUE;R.P.I.;1;151;ECOLE DE NIVEAU ELEMENTAIRE;1;;517703;6735328
498521;Etablissement régional d'enseignement adapté Raphael Elize;ETAB.REGIONAL ENSEIGNT ADAPTE;RAPHAEL ELIZE;1;370;ETABLISSEMENT REGIONAL D'ENSEIGNT ADAPTE;3;;498521;6768227
490913;Section d'enseignement général et professionnel adapté du Collège Maroc;SEGPA;CLG MAROC;1;390;SECTION ENSEIGNT GEN. ET PROF. ADAPTE;3;;490913;6766795
526141;Ecole maternelle Orléans;ECOLE MATERNELLE PUBLIQUE;JULES FERRY;1;101;ECOLE MATERNELLE;1;;526141;6789736
486555;Ecole maternelle Georges Brassens;ECOLE MATERNELLE PUBLIQUE;GEORGES BRASSENS;1;101;ECOLE MATERNELLE;1;;486555;6731104
493577;Ecole maternelle Gué-Bernisson;ECOLE MATERNELLE PUBLIQUE;SONIA DELAUNAY;1;101;ECOLE MATERNELLE;1;;493577;6769263
470598;Ecole maternelle Henri Dunant;ECOLE MATERNELLE PUBLIQUE;HENRI DUNANT;1;101;ECOLE MATERNELLE;1;;470598;6738004
491176;Ecole primaire Georges Braque;ECOLE PRIMAIRE PUBLIQUE;GEORGES BRAQUE;1;151;ECOLE DE NIVEAU ELEMENTAIRE;1;;491176;6772805
492357;Collège privé Maupertuis-St Benoit;COLLEGE PRIVE;MAUPERTUIS-ST BENOIT;1;340;COLLEGE;3;;492357;6769871
490775;Collège privé Saint Joseph;COLLEGE PRIVE;ST JOSEPH;1;340;COLLEGE;3;;490775;6770040
490183;Collège La Madeleine;COLLEGE;LA MADELEINE;1;340;COLLEGE;3;;490183;6773056
493660;Collège Val d'Huisne;COLLEGE;VAL D HUISNE;1;340;COLLEGE;3;;493660;6769616
495878;Collège Suzanne Bouteloup;COLLEGE;SUZANNE BOUTELOUP;1;340;COLLEGE;3;;495878;6744243
451389;Collège Anjou;COLLEGE;ANJOU;1;340;COLLEGE;3;;451389;6753331
464126;Ecole primaire;ECOLE PRIMAIRE PUBLIQUE;R.P.I.;1;151;ECOLE DE NIVEAU ELEMENTAIRE;1;;464126;6762633
488428;Ecole primaire;ECOLE PRIMAIRE PUBLIQUE;;1;151;ECOLE DE NIVEAU ELEMENTAIRE;1;;488428;6774269
518509;Ecole primaire La Pléiade;ECOLE PRIMAIRE PUBLIQUE;LA PLEIADE;1;151;ECOLE DE NIVEAU ELEMENTAIRE;1;;518509;6739264
517693;Ecole primaire;ECOLE PRIMAIRE PUBLIQUE;R.P.I.;1;151;ECOLE DE NIVEAU ELEMENTAIRE;1;;517693;6748919
491212;Ecole primaire;ECOLE PRIMAIRE PUBLIQUE;R.P.I. ROBERT DOISNEAU;1;151;ECOLE DE NIVEAU ELEMENTAIRE;1;;491212;6783386
492844;Ecole primaire Clairefontaine;ECOLE PRIMAIRE PUBLIQUE;CLAIREFONTAINE;1;151;ECOLE DE NIVEAU ELEMENTAIRE;1;;492844;6771280
500166;Ecole maternelle;ECOLE MATERNELLE PUBLIQUE;;1;101;ECOLE MATERNELLE;1;;500166;6755724
518864;Ecole primaire;ECOLE PRIMAIRE PUBLIQUE;R.P.I.;1;151;ECOLE DE NIVEAU ELEMENTAIRE;1;;518864;6758596
490183;Section d'enseignement général et professionnel adapté du Collège La Madeleine;SEGPA;CLG LA MADELEINE;1;390;SECTION ENSEIGNT GEN. ET PROF. ADAPTE;3;;490183;6773056
451389;Section d'enseignement général et professionnel adapté du Collège d'Anjou;SEGPA;CLG D ANJOU;1;390;SECTION ENSEIGNT GEN. ET PROF. ADAPTE;3;;451389;6753331
494716;Ecole primaire E et R Badinter;ECOLE PRIMAIRE PUBLIQUE;R.P.I.    E. ET R. BADINTER;1;151;ECOLE DE NIVEAU ELEMENTAIRE;1;;494716;6789503
472504;Ecole primaire;ECOLE PRIMAIRE PUBLIQUE;R.P.I. ALBERT JACQUARD;1;151;ECOLE DE NIVEAU ELEMENTAIRE;1;;472504;6789712
454235;Ecole primaire;ECOLE PRIMAIRE PUBLIQUE;;1;151;ECOLE DE NIVEAU ELEMENTAIRE;1;;454235;6756238
524602;Ecole primaire;ECOLE PRIMAIRE PUBLIQUE;;1;151;ECOLE DE NIVEAU ELEMENTAIRE;1;;524602;6775116
494375;Ecole primaire Maurice Genevoix;ECOLE PRIMAIRE PUBLIQUE;MAURICE GENEVOIX;1;151;ECOLE DE NIVEAU ELEMENTAIRE;1;;494375;6774125
502901;Ecole primaire;ECOLE PRIMAIRE PUBLIQUE;RENE LANGLAIS;1;151;ECOLE DE NIVEAU ELEMENTAIRE;1;;502901;6781813
500000;ECOLE RIMAIRE PUBLIQUE;ECOLE PRIMAIRE PUBLIQUE;R.P.I.;1;151;ECOLE DE NIVEAU ELEMENTAIRE;1;;500000;6726993
520276;Ecole primaire;ECOLE PRIMAIRE PUBLIQUE;;1;151;ECOLE DE NIVEAU ELEMENTAIRE;1;;520276;6773627
506393;Ecole primaire;ECOLE PRIMAIRE PUBLIQUE;R.P.I.;1;151;ECOLE DE NIVEAU ELEMENTAIRE;1;;506393;6746624
489984;Ecole primaire;ECOLE PRIMAIRE PUBLIQUE;;1;151;ECOLE DE NIVEAU ELEMENTAIRE;1;;489984;6735783
535696;Ecole maternelle;ECOLE MATERNELLE PUBLIQUE;R.P.I.;1;101;ECOLE MATERNELLE;1;;535696;6780337
492000;Ecole primaire Mauboussin;ECOLE PRIMAIRE PUBLIQUE;MAUBOUSSIN;1;151;ECOLE DE NIVEAU ELEMENTAIRE;1;;492000;6768296
490137;Ecole primaire Marceau;ECOLE PRIMAIRE PUBLIQUE;MARCEAU;1;151;ECOLE DE NIVEAU ELEMENTAIRE;1;;490137;6770991
456108;Ecole primaire;ECOLE PRIMAIRE PUBLIQUE;R.P.I.;1;151;ECOLE DE NIVEAU ELEMENTAIRE;1;;456108;6762807
511902;Ecole primaire;ECOLE PRIMAIRE PUBLIQUE;;1;151;ECOLE DE NIVEAU ELEMENTAIRE;1;;511902;6770614
495821;Ecole primaire Fernand Boutier;ECOLE PRIMAIRE PUBLIQUE;FERNAND BOUTIER;1;151;ECOLE DE NIVEAU ELEMENTAIRE;1;;495821;6763884
477985;Ecole primaire;ECOLE PRIMAIRE PUBLIQUE;R.P.I.;1;151;ECOLE DE NIVEAU ELEMENTAIRE;1;;477985;6736015
497274;Ecole primaire;ECOLE PRIMAIRE PUBLIQUE;R.P.I.;1;151;ECOLE DE NIVEAU ELEMENTAIRE;1;;497274;6813535
529964;Ecole primaire Jules Verne;ECOLE PRIMAIRE PUBLIQUE;R.P.I.  JULES VERNE;1;151;ECOLE DE NIVEAU ELEMENTAIRE;1;;529964;6783426
450399;Ecole primaire Gambetta;ECOLE PRIMAIRE PUBLIQUE;GAMBETTA;1;151;ECOLE DE NIVEAU ELEMENTAIRE;1;;450399;6754302
510687;Ecole primaire;ECOLE PRIMAIRE PUBLIQUE;HENRI MATISSE;1;151;ECOLE DE NIVEAU ELEMENTAIRE;1;;510687;6781613
491015;Ecole primaire;ECOLE PRIMAIRE PUBLIQUE;;1;151;ECOLE DE NIVEAU ELEMENTAIRE;1;;491015;6811207
512246;Ecole primaire;ECOLE PRIMAIRE PUBLIQUE;R.P.I.;1;151;ECOLE DE NIVEAU ELEMENTAIRE;1;;512246;6761658
489022;Collège Jean Rostand;COLLEGE;JEAN ROSTAND;1;340;COLLEGE;3;;489022;6785831
496336;Collège Alfred de Musset;COLLEGE;ALFRED DE MUSSET;1;340;COLLEGE;3;;496336;6750908
510824;Collège Paul Chevallier;COLLEGE;PAUL CHEVALLIER;1;340;COLLEGE;3;;510824;6754703
464768;Ecole maternelle;ECOLE MATERNELLE PUBLIQUE;;1;101;ECOLE MATERNELLE;1;;464768;6770743
511576;Ecole maternelle;ECOLE MATERNELLE PUBLIQUE;JOEL SADELER;1;101;ECOLE MATERNELLE;1;;511576;6800091
492453;Ecole maternelle Arthur Rimbaud;ECOLE MATERNELLE PUBLIQUE;ARTHUR RIMBAUD;1;101;ECOLE MATERNELLE;1;;492453;6769420
493251;Ecole maternelle Petit Louvre;ECOLE MATERNELLE PUBLIQUE;PETIT LOUVRE;1;101;ECOLE MATERNELLE;1;;493251;6769723
493707;Ecole primaire Epau;ECOLE PRIMAIRE PUBLIQUE;EPAU;1;151;ECOLE DE NIVEAU ELEMENTAIRE;1;;493707;6769464
492453;Ecole primaire Eluard-Sablonnière;ECOLE PRIMAIRE PUBLIQUE;ELUARD/SABLONNIERE;1;151;ECOLE DE NIVEAU ELEMENTAIRE;1;;492453;6769420
487826;Ecole primaire Lyautey;ECOLE PRIMAIRE PUBLIQUE;GROUPE SCOLAIRE LYAUTEY;1;151;ECOLE DE NIVEAU ELEMENTAIRE;1;;487826;6766584
518977;Ecole primaire;ECOLE PRIMAIRE PUBLIQUE;GUSTAVE BILLARD;1;151;ECOLE DE NIVEAU ELEMENTAIRE;1;;518977;6771434
460772;Ecole primaire;ECOLE PRIMAIRE PUBLIQUE;;1;151;ECOLE DE NIVEAU ELEMENTAIRE;1;;460772;6753813
500808;Ecole primaire;ECOLE PRIMAIRE PUBLIQUE;;1;151;ECOLE DE NIVEAU ELEMENTAIRE;1;;500808;6760498
464857;Ecole primaire;ECOLE PRIMAIRE PUBLIQUE;;1;151;ECOLE DE NIVEAU ELEMENTAIRE;1;;464857;6771031
497348;Ecole primaire;ECOLE PRIMAIRE PUBLIQUE;VICTOR HUGO;1;151;ECOLE DE NIVEAU ELEMENTAIRE;1;;497348;6740449
494385;Ecole primaire;ECOLE PRIMAIRE PUBLIQUE;;1;151;ECOLE DE NIVEAU ELEMENTAIRE;1;;494385;6785519
506843;Ecole primaire;ECOLE PRIMAIRE PUBLIQUE;;1;151;ECOLE DE NIVEAU ELEMENTAIRE;1;;506843;6762148
497242;Ecole primaire;ECOLE PRIMAIRE PUBLIQUE;;1;151;ECOLE DE NIVEAU ELEMENTAIRE;1;;497242;6768741
475451;Ecole primaire;ECOLE PRIMAIRE PUBLIQUE;;1;151;ECOLE DE NIVEAU ELEMENTAIRE;1;;475451;6784897
523354;Ecole primaire;ECOLE PRIMAIRE PUBLIQUE;;1;151;ECOLE DE NIVEAU ELEMENTAIRE;1;;523354;6768480
489296;Ecole primaire;ECOLE PRIMAIRE PUBLIQUE;;1;151;ECOLE DE NIVEAU ELEMENTAIRE;1;;489296;6786006
491148;Ecole primaire Docteur Calmette;ECOLE PRIMAIRE PUBLIQUE;DOCTEUR CALMETTE;1;151;ECOLE DE NIVEAU ELEMENTAIRE;1;;491148;6766835
513234;Ecole primaire;ECOLE PRIMAIRE PUBLIQUE;R.P.I.;1;151;ECOLE DE NIVEAU ELEMENTAIRE;1;;513234;6737320
501198;Collège Wilbur Wright;COLLEGE;WILBUR WRIGHT;1;340;COLLEGE;3;;501198;6772605
531494;Collège Courtanvaux;COLLEGE;COURTANVAUX;1;340;COLLEGE;3;;531494;6750715
493143;Collège Villaret-Clairefontaine;COLLEGE;VILLARET-CLAIREFONTAINE;1;340;COLLEGE;3;;493143;6771929
493143;Section d'enseignement général et professionnel adapté du Collège Villaret;SEGPA;CLG VILLARET;1;390;SECTION ENSEIGNT GEN. ET PROF. ADAPTE;3;;493143;6771929
493090;Section Enseignement Professionnel du Lycée Polyvalent Le Mans Sud;SECTION ENSEIGNT PROFESSIONNEL;LE MANS SUD;1;334;SECTION D ENSEIGNEMENT PROFESSIONNEL;3;;493090;6768291
508736;Collège La Foresterie;COLLEGE;LA FORESTERIE;1;340;COLLEGE;3;;508736;6790225
493090;Lycée polyvalent Le Mans Sud;LYCEE POLYVALENT;LE MANS SUD;1;306;LYCEE POLYVALENT;3;;493090;6768291
496179;Ecole primaire privée Sainte Thérèse-Saint Joseph;ECOLE PRIMAIRE PRIVEE;SAINTE THERESE SAINT JOSEPH;1;151;ECOLE DE NIVEAU ELEMENTAIRE;1;;496179;6757593
515207;Ecole primaire privée Saint Pierre;ECOLE PRIMAIRE PRIVEE;SAINT PIERRE;1;151;ECOLE DE NIVEAU ELEMENTAIRE;1;;515207;6782108
507025;Ecole primaire privée Sainte Adélaide;ECOLE PRIMAIRE PRIVEE;STE ADELAIDE;1;151;ECOLE DE NIVEAU ELEMENTAIRE;1;;507025;6775211
475040;Ecole primaire privée Saint Joseph;ECOLE PRIMAIRE PRIVEE;SAINT JOSEPH;1;151;ECOLE DE NIVEAU ELEMENTAIRE;1;;475040;6784587
470973;Ecole primaire privée Sainte Thérèse;ECOLE PRIMAIRE PRIVEE;SAINTE THERESE;1;151;ECOLE DE NIVEAU ELEMENTAIRE;1;;470973;6783085
506528;Ecole primaire privée Saint Jean;ECOLE PRIMAIRE PRIVEE;SAINT JEAN;1;151;ECOLE DE NIVEAU ELEMENTAIRE;1;;506528;6736001
521787;Ecole primaire privée Sainte Anne;ECOLE PRIMAIRE PRIVEE;SAINTE ANNE;1;151;ECOLE DE NIVEAU ELEMENTAIRE;1;;521787;6741594
518561;Ecole primaire privée Sainte Marie;ECOLE PRIMAIRE PRIVEE;SAINTE MARIE;1;151;ECOLE DE NIVEAU ELEMENTAIRE;1;;518561;6739202
508637;Ecole primaire privée Sacré-Coeur;ECOLE PRIMAIRE PRIVEE;SACRE COEUR;1;151;ECOLE DE NIVEAU ELEMENTAIRE;1;;508637;6789488
495167;Ecole primaire privée Notre-Dame du Sacré-Coeur;ECOLE PRIMAIRE PRIVEE;NOTRE DAME DU SACRE COEUR;1;151;ECOLE DE NIVEAU ELEMENTAIRE;1;;495167;6789559
496918;Ecole primaire privée Sainte Jeanne d'Arc;ECOLE PRIMAIRE PRIVEE;SAINTE JEANNE D ARC;1;151;ECOLE DE NIVEAU ELEMENTAIRE;1;;496918;6819921
492183;Ecole primaire privée Notre-Dame de Sainte Croix;ECOLE PRIMAIRE PRIVEE;NOTRE DAME DE SAINTE CROIX;1;151;ECOLE DE NIVEAU ELEMENTAIRE;1;;492183;6770237
493064;Ecole primaire privée Saint Martin;ECOLE PRIMAIRE PRIVEE;SAINT MARTIN;1;151;ECOLE DE NIVEAU ELEMENTAIRE;1;;493064;6769617
491319;Ecole maternelle privée Notre-Dame;ECOLE MATERNELLE PRIVEE;NOTRE DAME;1;101;ECOLE MATERNELLE;1;;491319;6770681
492069;Ecole maternelle privée Sainte Marthe;ECOLE MATERNELLE PRIVEE;SAINTE MARTHE;1;101;ECOLE MATERNELLE;1;;492069;6770946
492357;Ecole primaire privée Saint Benoit-Maupertuis;ECOLE PRIMAIRE PRIVEE;ST BENOIT MAUPERTUIS;1;151;ECOLE DE NIVEAU ELEMENTAIRE;1;;492357;6769871
486750;Ecole primaire privée Saint Joseph-Lorraine;ECOLE PRIMAIRE PRIVEE;SAINT JOSEPH LORRAINE;1;151;ECOLE DE NIVEAU ELEMENTAIRE;1;;486750;6768849
492001;Ecole primaire privée Sacré-Coeur;ECOLE PRIMAIRE PRIVEE;SACRE COEUR;1;151;ECOLE DE NIVEAU ELEMENTAIRE;1;;492001;6767940
491358;Ecole primaire privée Sainte Thérèse;ECOLE PRIMAIRE PRIVEE;SAINTE THERESE;1;151;ECOLE DE NIVEAU ELEMENTAIRE;1;;491358;6767417
492319;Ecole primaire privée Saint Aldric-Notre-Dame de Paix;ECOLE PRIMAIRE PRIVEE;ST ALDRIC NOTRE DAME DE PAIX;1;151;ECOLE DE NIVEAU ELEMENTAIRE;1;;492319;6771737
491562;Ecole primaire privée Psallette Saint Vincent;ECOLE PRIMAIRE PRIVEE;PSALLETTE SAINT VINCENT;1;151;ECOLE DE NIVEAU ELEMENTAIRE;1;;491562;6771994
490769;Ecole primaire privée Saint Louis;ECOLE PRIMAIRE PRIVEE;SAINT LOUIS;1;151;ECOLE DE NIVEAU ELEMENTAIRE;1;;490769;6770385
489763;Ecole primaire privée Saint Lazare;ECOLE PRIMAIRE PRIVEE;SAINT LAZARE;1;151;ECOLE DE NIVEAU ELEMENTAIRE;1;;489763;6770120
490775;Ecole primaire privée Saint Joseph;ECOLE PRIMAIRE PRIVEE;SAINT JOSEPH;1;151;ECOLE DE NIVEAU ELEMENTAIRE;1;;490775;6770040
491497;Ecole primaire privée Saint Julien;ECOLE PRIMAIRE PRIVEE;SAINT JULIEN;1;151;ECOLE DE NIVEAU ELEMENTAIRE;1;;491497;6770993
490362;Ecole primaire privée Notre-Dame du Pré Saint Pavin;ECOLE PRIMAIRE PRIVEE;NOTRE DAME DU PRE;1;151;ECOLE DE NIVEAU ELEMENTAIRE;1;;490362;6771563
489906;Ecole primaire privée Saint Pavin;ECOLE PRIMAIRE PRIVEE;SAINT PAVIN;1;151;ECOLE DE NIVEAU ELEMENTAIRE;1;;489906;6771323
490198;Ecole primaire privée Saint Liboire;ECOLE PRIMAIRE PRIVEE;SAINT LIBOIRE;1;151;ECOLE DE NIVEAU ELEMENTAIRE;1;;490198;6772270
496498;Ecole primaire privée Saint Joseph;ECOLE PRIMAIRE PRIVEE;SAINT JOSEPH;1;151;ECOLE DE NIVEAU ELEMENTAIRE;1;;496498;6771610
498992;Ecole primaire privée Saint Germain;ECOLE PRIMAIRE PRIVEE;ST GERMAIN;1;151;ECOLE DE NIVEAU ELEMENTAIRE;1;;498992;6778299
494338;Ecole primaire privée Notre-Dame;ECOLE PRIMAIRE PRIVEE;NOTRE DAME;1;151;ECOLE DE NIVEAU ELEMENTAIRE;1;;494338;6773864
513386;Ecole primaire privée Sainte Anne;ECOLE PRIMAIRE PRIVEE;SAINTE ANNE;1;151;ECOLE DE NIVEAU ELEMENTAIRE;1;;513386;6776145
482179;Ecole primaire privée Sainte Jeanne d'Arc;ECOLE PRIMAIRE PRIVEE;SAINTE JEANNE D ARC;1;151;ECOLE DE NIVEAU ELEMENTAIRE;1;;482179;6773522
487731;Ecole primaire privée Sainte Thérèse;ECOLE PRIMAIRE PRIVEE;SAINTE THERESE;1;151;ECOLE DE NIVEAU ELEMENTAIRE;1;;487731;6766929
483963;Ecole primaire privée Saint Michel des Perrais;ECOLE PRIMAIRE PRIVEE;SAINT MICHEL DES PERRAIS;1;151;ECOLE DE NIVEAU ELEMENTAIRE;1;;483963;6753605
486851;Ecole primaire privée Sainte Thérèse;ECOLE PRIMAIRE PRIVEE;SAINTE THERESE;1;151;ECOLE DE NIVEAU ELEMENTAIRE;1;;486851;6795801
488841;Ecole primaire privée Sacré-Coeur;ECOLE PRIMAIRE PRIVEE;SACRE COEUR;1;151;ECOLE DE NIVEAU ELEMENTAIRE;1;;488841;6796367
505244;Ecole primaire privée Saint Paul-Saint Joseph;ECOLE PRIMAIRE PRIVEE;ST PAUL-ST JOSEPH;1;151;ECOLE DE NIVEAU ELEMENTAIRE;1;;505244;6808700
492469;Ecole primaire privée Sainte Anne-Saint Joseph;ECOLE PRIMAIRE PRIVEE;SAINTE ANNE SAINT JOSEPH;1;151;ECOLE DE NIVEAU ELEMENTAIRE;1;;492469;6756719
496009;Ecole primaire privée Saint Martin;ECOLE PRIMAIRE PRIVEE;SAINT MARTIN;1;151;ECOLE DE NIVEAU ELEMENTAIRE;1;;496009;6750934
525941;Ecole primaire privée Saint Jean;ECOLE PRIMAIRE PRIVEE;SAINT JEAN-NOTRE DAME;1;151;ECOLE DE NIVEAU ELEMENTAIRE;1;;525941;6789598
462143;Ecole primaire privée Saint Joseph;ECOLE PRIMAIRE PRIVEE;SAINT JOSEPH;1;151;ECOLE DE NIVEAU ELEMENTAIRE;1;;462143;6736776
469273;Ecole primaire privée Sainte Colombe;ECOLE PRIMAIRE PRIVEE;SAINTE COLOMBE;1;151;ECOLE DE NIVEAU ELEMENTAIRE;1;;469273;6736761
469064;Ecole primaire privée Sacré-C¿ur-Saint Jacques;ECOLE PRIMAIRE PRIVEE;SACRE COEUR ST JACQUES;1;151;ECOLE DE NIVEAU ELEMENTAIRE;1;;469064;6737768
479005;Ecole primaire privée Notre-Dame-Saint Joseph;ECOLE PRIMAIRE PRIVEE;NOTRE DAME SAINT JOSEPH;1;151;ECOLE DE NIVEAU ELEMENTAIRE;1;;479005;6801856
471395;Ecole primaire privée Saint Joseph-Sainte Marie;ECOLE PRIMAIRE PRIVEE;SAINT JOSEPH STE MARIE;1;151;ECOLE DE NIVEAU ELEMENTAIRE;1;;471395;6766989
486504;Ecole primaire privée Sainte Anne Notre-Dame;ECOLE PRIMAIRE PRIVEE;SAINTE ANNE NOTRE DAME;1;151;ECOLE DE NIVEAU ELEMENTAIRE;1;;486504;6731276
464666;Ecole primaire privée Sacré-Coeur;ECOLE PRIMAIRE PRIVEE;SACRE COEUR;1;151;ECOLE DE NIVEAU ELEMENTAIRE;1;;464666;6770609
458553;Ecole primaire privée Notre-Dame;ECOLE PRIMAIRE PRIVEE;NOTRE DAME;1;151;ECOLE DE NIVEAU ELEMENTAIRE;1;;458553;6767996
500614;Ecole primaire privée Notre-Dame;ECOLE PRIMAIRE PRIVEE;NOTRE DAME;1;151;ECOLE DE NIVEAU ELEMENTAIRE;1;;500614;6798244
495875;Ecole primaire privée Notre-Dame de Bonneval;ECOLE PRIMAIRE PRIVEE;NOTRE DAME DE BONNEVAL;1;151;ECOLE DE NIVEAU ELEMENTAIRE;1;;495875;6743220
495259;Ecole primaire privée Saint Joseph;ECOLE PRIMAIRE PRIVEE;SAINT JOSEPH;1;151;ECOLE DE NIVEAU ELEMENTAIRE;1;;495259;6735659
449679;Ecole primaire privée Saint Charles;ECOLE PRIMAIRE PRIVEE;SAINT CHARLES;1;151;ECOLE DE NIVEAU ELEMENTAIRE;1;;449679;6761177
460804;Ecole primaire privée Notre-Dame Saint Joseph;ECOLE PRIMAIRE PRIVEE;NOTRE DAME ST JOSEPH;1;151;ECOLE DE NIVEAU ELEMENTAIRE;1;;460804;6754154
451060;Ecole primaire privée Saint Joseph-Saint Jean;ECOLE PRIMAIRE PRIVEE;SAINT JOSEPH SAINT JEAN;1;151;ECOLE DE NIVEAU ELEMENTAIRE;1;;451060;6745880
451111;Ecole primaire privée Saint Vincent-Sainte Anne;ECOLE PRIMAIRE PRIVEE;ST VINCENT STE ANNE;1;151;ECOLE DE NIVEAU ELEMENTAIRE;1;;451111;6753741
454538;Ecole primaire privée Sacré-Coeur;ECOLE PRIMAIRE PRIVEE;SACRE COEUR;1;151;ECOLE DE NIVEAU ELEMENTAIRE;1;;454538;6756647
450739;Ecole primaire privée Saint Paul;ECOLE PRIMAIRE PRIVEE;SAINT PAUL;1;151;ECOLE DE NIVEAU ELEMENTAIRE;1;;450739;6742005
531649;Ecole primaire privée Sainte Marie;ECOLE PRIMAIRE PRIVEE;SAINTE MARIE;1;151;ECOLE DE NIVEAU ELEMENTAIRE;1;;531649;6759727
467558;Ecole primaire privée Saint Joseph-Saint Coeur de Marie;ECOLE PRIMAIRE PRIVEE;ST JOSEPH ST COEUR DE MARIE;1;151;ECOLE DE NIVEAU ELEMENTAIRE;1;;467558;6791796
485334;Ecole primaire privée Saint Charles;ECOLE PRIMAIRE PRIVEE;SAINT CHARLES;1;151;ECOLE DE NIVEAU ELEMENTAIRE;1;;485334;6759216
480866;Ecole primaire privée Notre-Dame-Saint Martin;ECOLE PRIMAIRE PRIVEE;NOTRE DAME SAINT MARTIN;1;151;ECOLE DE NIVEAU ELEMENTAIRE;1;;480866;6759117
477863;Ecole primaire privée Sacré-Coeur;ECOLE PRIMAIRE PRIVEE;SACRE COEUR;1;151;ECOLE DE NIVEAU ELEMENTAIRE;1;;477863;6758608
468262;Ecole primaire privée Notre-Dame du Sacré-Coeur;ECOLE PRIMAIRE PRIVEE;NOTRE DAME DU SACRE COEUR;1;151;ECOLE DE NIVEAU ELEMENTAIRE;1;;468262;6756913
469115;Ecole primaire privée Sainte Thérèse;ECOLE PRIMAIRE PRIVEE;SAINTE THERESE;1;151;ECOLE DE NIVEAU ELEMENTAIRE;1;;469115;6750391
505136;Ecole primaire privée Saint Joseph;ECOLE PRIMAIRE PRIVEE;SAINT JOSEPH;1;151;ECOLE DE NIVEAU ELEMENTAIRE;1;;505136;6808707
510557;Ecole maternelle;ECOLE MATERNELLE PUBLIQUE;;1;101;ECOLE MATERNELLE;1;;510557;6754657
473914;Ecole primaire;ECOLE PRIMAIRE PUBLIQUE;;1;151;ECOLE DE NIVEAU ELEMENTAIRE;1;;473914;6739658
494578;Ecole primaire Flora Tristan;ECOLE PRIMAIRE PUBLIQUE;FLORA TRISTAN;1;151;ECOLE DE NIVEAU ELEMENTAIRE;1;;494578;6761217
488307;Ecole maternelle Massenet;ECOLE MATERNELLE PUBLIQUE;MASSENET;1;101;ECOLE MATERNELLE;1;;488307;6767004
490655;Ecole maternelle;ECOLE MATERNELLE PUBLIQUE;;1;101;ECOLE MATERNELLE;1;;490655;6758871
494328;Ecole maternelle Maurice Genevoix;ECOLE MATERNELLE PUBLIQUE;MAURICE GENEVOIX;1;101;ECOLE MATERNELLE;1;;494328;6773967
488134;Ecole maternelle;ECOLE MATERNELLE PUBLIQUE;RUE DES HORTENSIAS;1;101;ECOLE MATERNELLE;1;;488134;6781404
449940;Ecole maternelle Gai Levant;ECOLE MATERNELLE PUBLIQUE;GAI LEVANT;1;101;ECOLE MATERNELLE;1;;449940;6753857
517020;Ecole primaire;ECOLE PRIMAIRE PUBLIQUE;LOUISE MICHEL;1;151;ECOLE DE NIVEAU ELEMENTAIRE;1;;517020;6740996
486665;Ecole primaire;ECOLE PRIMAIRE PUBLIQUE;;1;151;ECOLE DE NIVEAU ELEMENTAIRE;1;;486665;6777582
510594;Ecole primaire;ECOLE PRIMAIRE PUBLIQUE;;1;151;ECOLE DE NIVEAU ELEMENTAIRE;1;;510594;6754668
478771;Ecole primaire;ECOLE PRIMAIRE PUBLIQUE;RPI;1;151;ECOLE DE NIVEAU ELEMENTAIRE;1;;478771;6782458
520466;Ecole primaire;ECOLE PRIMAIRE PUBLIQUE;;1;151;ECOLE DE NIVEAU ELEMENTAIRE;1;;520466;6776937
521231;Ecole primaire;ECOLE PRIMAIRE PUBLIQUE;;1;151;ECOLE DE NIVEAU ELEMENTAIRE;1;;521231;6794098
498197;Ecole primaire;ECOLE PRIMAIRE PUBLIQUE;;1;151;ECOLE DE NIVEAU ELEMENTAIRE;1;;498197;6733323
449873;Ecole primaire Maurice Cantin;ECOLE PRIMAIRE PUBLIQUE;MAURICE CANTIN;1;151;ECOLE DE NIVEAU ELEMENTAIRE;1;;449873;6761616
495086;Ecole primaire;ECOLE PRIMAIRE PUBLIQUE;RUE DU PROFESSEUR ARNOULT;1;151;ECOLE DE NIVEAU ELEMENTAIRE;1;;495086;6735809
484234;Ecole primaire Jacques-Yves Cousteau;ECOLE PRIMAIRE PUBLIQUE;J.Y. COUSTEAU;1;151;ECOLE DE NIVEAU ELEMENTAIRE;1;;484234;6769957
514721;Ecole primaire;ECOLE MATERNELLE PUBLIQUE;R.P.I.;1;101;ECOLE MATERNELLE;1;;514721;6747968
488119;Collège Le Marin;COLLEGE;LE MARIN;1;340;COLLEGE;3;;488119;6766426
496677;Collège Pasteur;COLLEGE;PASTEUR;1;340;COLLEGE;3;;496677;6771787
485880;Collège Les Quatre-Vents;COLLEGE;LES QUATRE-VENTS;1;340;COLLEGE;3;;485880;6730999
501198;Ecole primaire Jacques Prévert;ECOLE PRIMAIRE PUBLIQUE;JACQUES PREVERT;1;151;ECOLE DE NIVEAU ELEMENTAIRE;1;;501198;6772605
500973;Ecole primaire Louise Michel;ECOLE PRIMAIRE PUBLIQUE;LOUISE MICHEL;1;151;ECOLE DE NIVEAU ELEMENTAIRE;1;;500973;6772671
493389;Ecole primaire Georges Lapierre;ECOLE PRIMAIRE PUBLIQUE;LAPIERRE-PERGAUD;1;151;ECOLE DE NIVEAU ELEMENTAIRE;1;;493389;6767792
477593;Ecole primaire La Renardière;ECOLE PRIMAIRE PUBLIQUE;LA RENARDIERE;1;151;ECOLE DE NIVEAU ELEMENTAIRE;1;;477593;6758525
491317;Ecole primaire;ECOLE PRIMAIRE PUBLIQUE;CLAIRE FONTAINE;1;151;ECOLE DE NIVEAU ELEMENTAIRE;1;;491317;6751779
492816;Ecole primaire Louis Blériot 2;ECOLE PRIMAIRE PUBLIQUE;LOUIS BLERIOT GROUPE 2;1;151;ECOLE DE NIVEAU ELEMENTAIRE;1;;492816;6766685
493009;Ecole primaire Villaret;ECOLE PRIMAIRE PUBLIQUE;VILLARET;1;151;ECOLE DE NIVEAU ELEMENTAIRE;1;;493009;6771895
495903;Ecole maternelle;ECOLE MATERNELLE PUBLIQUE;;1;101;ECOLE MATERNELLE;1;;495903;6763952
498197;Ecole maternelle;ECOLE MATERNELLE PUBLIQUE;;1;101;ECOLE MATERNELLE;1;;498197;6733323
524917;Ecole maternelle Victor Hugo;ECOLE MATERNELLE PUBLIQUE;VICTOR HUGO;1;101;ECOLE MATERNELLE;1;;524917;6789933
467804;Ecole primaire;ECOLE PRIMAIRE PUBLIQUE;;1;151;ECOLE DE NIVEAU ELEMENTAIRE;1;;467804;6791790
506250;Ecole primaire;ECOLE PRIMAIRE PUBLIQUE;;1;151;ECOLE DE NIVEAU ELEMENTAIRE;1;;506250;6784697
486566;Ecole maternelle;ECOLE MATERNELLE PUBLIQUE;;1;101;ECOLE MATERNELLE;1;;486566;6777575
503080;Ecole primaire;ECOLE PRIMAIRE PUBLIQUE;R.P.I.  NOTRE PETIT MONDE;1;151;ECOLE DE NIVEAU ELEMENTAIRE;1;;503080;6789181
481660;Ecole primaire Groupe1;ECOLE PRIMAIRE PUBLIQUE;;1;151;ECOLE DE NIVEAU ELEMENTAIRE;1;;481660;6751721
487776;Ecole maternelle Lyautey;ECOLE MATERNELLE PUBLIQUE;LYAUTEY;1;101;ECOLE MATERNELLE;1;;487776;6767163
491353;Ecole primaire Pierre de Ronsard;ECOLE PRIMAIRE PUBLIQUE;PIERRE DE RONSARD;1;151;ECOLE DE NIVEAU ELEMENTAIRE;1;;491353;6770129
471195;Ecole primaire;ECOLE MATERNELLE PUBLIQUE;R.P.I.;1;101;ECOLE MATERNELLE;1;;471195;6783132
463861;Ecole primaire;ECOLE PRIMAIRE PUBLIQUE;;1;151;ECOLE DE NIVEAU ELEMENTAIRE;1;;463861;6742939
513650;Ecole primaire;ECOLE PRIMAIRE PUBLIQUE;;1;151;ECOLE DE NIVEAU ELEMENTAIRE;1;;513650;6740803
492798;Ecole primaire Louis Blériot 1;ECOLE PRIMAIRE PUBLIQUE;LOUIS BLERIOT GROUPE 1;1;151;ECOLE DE NIVEAU ELEMENTAIRE;1;;492798;6766668
504081;Ecole primaire;ECOLE PRIMAIRE PUBLIQUE;;1;151;ECOLE DE NIVEAU ELEMENTAIRE;1;;504081;6786192
496107;Collège privé Saint Joseph;COLLEGE PRIVE;ST JOSEPH;1;340;COLLEGE;3;;496107;6756515
492992;Collège Les Sources;COLLEGE;LES SOURCES;1;340;COLLEGE;3;;492992;6766983
468814;Collège Marcel Pagnol;COLLEGE;MARCEL PAGNOL;1;340;COLLEGE;3;;468814;6751019
487050;Ecole maternelle;ECOLE MATERNELLE PUBLIQUE;;1;101;ECOLE MATERNELLE;1;;487050;6750458
492988;Ecole maternelle Villaret;ECOLE MATERNELLE PUBLIQUE;VILLARET;1;101;ECOLE MATERNELLE;1;;492988;6771890
531867;Ecole maternelle Charles Perrault;ECOLE MATERNELLE PUBLIQUE;CHARLES PERRAULT;1;101;ECOLE MATERNELLE;1;;531867;6760431
488663;Ecole maternelle Montaigu;ECOLE MATERNELLE PUBLIQUE;MONTAIGU;1;101;ECOLE MATERNELLE;1;;488663;6769415
512023;Ecole primaire;ECOLE PRIMAIRE PUBLIQUE;R.P.I. 24 RUE EDMOND CHARLOT;1;151;ECOLE DE NIVEAU ELEMENTAIRE;1;;512023;6750158
528021;Ecole maternelle Les P'tits Loups;ECOLE MATERNELLE PUBLIQUE;R.P.I. LES P'TITS LOUPS;1;101;ECOLE MATERNELLE;1;;528021;6745826
469172;Ecole primaire;ECOLE PRIMAIRE PUBLIQUE;BERNARD PALISSY;1;151;ECOLE DE NIVEAU ELEMENTAIRE;1;;469172;6750450
489045;Ecole primaire Paul Langevin;ECOLE PRIMAIRE PUBLIQUE;PAUL LANGEVIN;1;151;ECOLE DE NIVEAU ELEMENTAIRE;1;;489045;6765485
468567;Ecole primaire;ECOLE PRIMAIRE PUBLIQUE;PIERRE ET MARIE CURIE;1;151;ECOLE DE NIVEAU ELEMENTAIRE;1;;468567;6757107
484252;Ecole primaire;ECOLE PRIMAIRE PUBLIQUE;R.P.I.;1;151;ECOLE DE NIVEAU ELEMENTAIRE;1;;484252;6809495
505638;Ecole primaire Jules Verne;ECOLE PRIMAIRE PUBLIQUE;VERNE;1;151;ECOLE DE NIVEAU ELEMENTAIRE;1;;505638;6808061
494743;Collège Bollée;COLLEGE;BOLLEE;1;340;COLLEGE;3;;494743;6760109
486553;Ecole primaire;ECOLE PRIMAIRE PUBLIQUE;R.P.I.;1;151;ECOLE DE NIVEAU ELEMENTAIRE;1;;486553;6790461
487270;Ecole primaire;ECOLE PRIMAIRE PUBLIQUE;R.P.I.;1;151;ECOLE DE NIVEAU ELEMENTAIRE;1;;487270;6746675
505162;Ecole maternelle Jeux Brillants;ECOLE MATERNELLE PUBLIQUE;JEUX BRILLANTS;1;101;ECOLE MATERNELLE;1;;505162;6809147
498889;Ecole maternelle Pomme d'Api;ECOLE MATERNELLE PUBLIQUE;POMME D API;1;101;ECOLE MATERNELLE;1;;498889;6778276
468459;Ecole maternelle;ECOLE MATERNELLE PUBLIQUE;;1;101;ECOLE MATERNELLE;1;;468459;6756989
488542;Ecole maternelle Paul Langevin;ECOLE MATERNELLE PUBLIQUE;PAUL LANGEVIN;1;101;ECOLE MATERNELLE;1;;488542;6765344
481445;Ecole maternelle;ECOLE MATERNELLE PUBLIQUE;LES LUTINS;1;101;ECOLE MATERNELLE;1;;481445;6751621
483562;Ecole primaire;ECOLE PRIMAIRE PUBLIQUE;TROMPE SOURIS;1;151;ECOLE DE NIVEAU ELEMENTAIRE;1;;483562;6767555
501823;Lycée professionnel privé Saint Martin;LYCEE PROFESSIONNEL PRIVE;ST MARTIN;1;320;LYCEE PROFESSIONNEL;3;;501823;6731409
488263;Ecole secondaire professionnelle privée Association Formation Personnel;ECOLE 2D DEGRE PROF.PRIVEE;AFPI PAYS DE LA LOIRE;1;320;LYCEE PROFESSIONNEL;3;;488263;6771954
533033;Lycée professionnel Jean Rondeau;LP LYCEE DES METIERS;JEAN RONDEAU;1;320;LYCEE PROFESSIONNEL;3;;533033;6761354
505996;Section d'enseignement général et professionnel adapté du Collège de Bercé;SEGPA;CLG DE BERCE;1;390;SECTION ENSEIGNT GEN. ET PROF. ADAPTE;3;;505996;6736355
469863;Section d'enseignement général et professionnel adapté du Collège Petit Versailles;SEGPA;CLG PETIT VERSAILLES;1;390;SECTION ENSEIGNT GEN. ET PROF. ADAPTE;3;;469863;6737953
489580;Collège Jacques Prévert;COLLEGE;JACQUES PREVERT;1;340;COLLEGE;3;;489580;6743003
513716;Ecole primaire;ECOLE PRIMAIRE PUBLIQUE;R.P.I.;1;151;ECOLE DE NIVEAU ELEMENTAIRE;1;;513716;6795944
507895;Ecole primaire Brossard;ECOLE PRIMAIRE PUBLIQUE;R.P.I. BROSSARD;1;151;ECOLE DE NIVEAU ELEMENTAIRE;1;;507895;6751497
462224;Ecole primaire;ECOLE PRIMAIRE PUBLIQUE;;1;151;ECOLE DE NIVEAU ELEMENTAIRE;1;;462224;6789214
469319;Ecole primaire;ECOLE PRIMAIRE PUBLIQUE;LES QUATRE SAISONS;1;151;ECOLE DE NIVEAU ELEMENTAIRE;1;;469319;6798551
536099;Ecole primaire;ECOLE PRIMAIRE PUBLIQUE;R.P.I.;1;151;ECOLE DE NIVEAU ELEMENTAIRE;1;;536099;6779914
524777;Ecole maternelle Jacques Prévert;ECOLE MATERNELLE PUBLIQUE;J. PREVERT;1;101;ECOLE MATERNELLE;1;;524777;6789675
487407;Ecole maternelle;ECOLE MATERNELLE PUBLIQUE;LES PETITS PAS;1;101;ECOLE MATERNELLE;1;;487407;6761819
481062;Ecole maternelle;ECOLE MATERNELLE PUBLIQUE;;1;101;ECOLE MATERNELLE;1;;481062;6759229
488663;Ecole primaire Montaigu;ECOLE PRIMAIRE PUBLIQUE;MONTAIGU;1;151;ECOLE DE NIVEAU ELEMENTAIRE;1;;488663;6769415
491375;Collège Berthelot;COLLEGE;BERTHELOT;1;340;COLLEGE;3;;491375;6770568
524670;Collège Georges Desnos;COLLEGE;GEORGES DESNOS;1;340;COLLEGE;3;;524670;6790319
468395;Collège Paul Scarron;COLLEGE;PAUL SCARRON;1;340;COLLEGE;3;;468395;6792640
468480;Ecole maternelle André Fertre;ECOLE MATERNELLE PUBLIQUE;ANDRE FERTRE;1;101;ECOLE MATERNELLE;1;;468480;6738022
458478;Ecole primaire;ECOLE PRIMAIRE PUBLIQUE;CLAUDE CHAPPE;1;151;ECOLE DE NIVEAU ELEMENTAIRE;1;;458478;6768083
474300;Ecole maternelle;ECOLE MATERNELLE PUBLIQUE;LES P'TITS LOUPS;1;101;ECOLE MATERNELLE;1;;474300;6751731
451882;Ecole primaire Le Pré;ECOLE PRIMAIRE PUBLIQUE;LE PRE;1;151;ECOLE DE NIVEAU ELEMENTAIRE;1;;451882;6752844
493516;Ecole primaire Gazonfier;ECOLE PRIMAIRE PUBLIQUE;GAZONFIER;1;151;ECOLE DE NIVEAU ELEMENTAIRE;1;;493516;6770236
469114;Ecole primaire André Fertre;ECOLE PRIMAIRE PUBLIQUE;ANDRE FERTRE;1;151;ECOLE DE NIVEAU ELEMENTAIRE;1;;469114;6737809
493516;Ecole maternelle Casanova;ECOLE MATERNELLE PUBLIQUE;CASANOVA;1;101;ECOLE MATERNELLE;1;;493516;6770236
479289;Ecole primaire;ECOLE PRIMAIRE PUBLIQUE;;1;151;ECOLE DE NIVEAU ELEMENTAIRE;1;;479289;6810280
498377;Ecole primaire;ECOLE PRIMAIRE PUBLIQUE;SAINT EXUPERY;1;151;ECOLE DE NIVEAU ELEMENTAIRE;1;;498377;6802289
494701;Ecole primaire Paul Cézanne;ECOLE PRIMAIRE PUBLIQUE;PAUL CEZANNE;1;151;ECOLE DE NIVEAU ELEMENTAIRE;1;;494701;6760577
491017;Ecole primaire;ECOLE PRIMAIRE PUBLIQUE;;1;151;ECOLE DE NIVEAU ELEMENTAIRE;1;;491017;6778557
457597;Ecole primaire;ECOLE PRIMAIRE PUBLIQUE;LES TILLEULS;1;151;ECOLE DE NIVEAU ELEMENTAIRE;1;;457597;6751563
462179;Ecole primaire;ECOLE PRIMAIRE PUBLIQUE;;1;151;ECOLE DE NIVEAU ELEMENTAIRE;1;;462179;6736829
491993;Ecole maternelle;ECOLE MATERNELLE PUBLIQUE;ROLAND DERET;1;101;ECOLE MATERNELLE;1;;491993;6756449
467407;Ecole maternelle;ECOLE MATERNELLE PUBLIQUE;FRANCOIS DEFORGE;1;101;ECOLE MATERNELLE;1;;467407;6791746
517173;Section d'enseignement général et professionnel adapté du Collège Appolinaire;SEGPA;CLG APOLLINAIRE;1;390;SECTION ENSEIGNT GEN. ET PROF. ADAPTE;3;;517173;6766371
524670;Section d'enseignement général et professionnel adapté du Collège Georges Desnos;SEGPA;CLG GEORGES DESNOS;1;390;SECTION ENSEIGNT GEN. ET PROF. ADAPTE;3;;524670;6790319
506319;Ecole maternelle Laurentine Proust;ECOLE MATERNELLE PUBLIQUE;LAURENTINE PROUST;1;101;ECOLE MATERNELLE;1;;506319;6734891
477454;Ecole primaire Les Chataîgniers;ECOLE PRIMAIRE PUBLIQUE;LES CHATAIGNIERS;1;151;ECOLE DE NIVEAU ELEMENTAIRE;1;;477454;6758332
469046;Collège privé Notre-Dame;COLLEGE PRIVE;NOTRE DAME;1;340;COLLEGE;3;;469046;6737862
483797;Collège privé Saint Michel des Perrais;COLLEGE PRIVE;ST MICHEL DES PERRAIS;1;340;COLLEGE;3;;483797;6753586
450482;Collège privé Sainte Anne;COLLEGE PRIVE;STE ANNE;1;340;COLLEGE;3;;450482;6754303
503259;Section d'enseignement général et professionnel adapté du Collège Louis Cordelet;SEGPA;CLG LOUIS CORDELET;1;390;SECTION ENSEIGNT GEN. ET PROF. ADAPTE;3;;503259;6762533
496336;Section d'enseignement général et professionnel adapté du Collège Alfred de Musset;SEGPA;CLG ALFRED DE MUSSET;1;390;SECTION ENSEIGNT GEN. ET PROF. ADAPTE;3;;496336;6750908
494949;Section d'enseignement général et professionnel adapté du Collège Ballon;SEGPA;CLG BALLON;1;390;SECTION ENSEIGNT GEN. ET PROF. ADAPTE;3;;494949;6789521
487857;Ecole maternelle Marie Curie;ECOLE MATERNELLE PUBLIQUE;MARIE CURIE;1;101;ECOLE MATERNELLE;1;;487857;6766750
482617;Ecole maternelle;ECOLE MATERNELLE PUBLIQUE;RUE DE VOIVRES;1;101;ECOLE MATERNELLE;1;;482617;6765618
488919;Ecole maternelle Le Petit Monde;ECOLE MATERNELLE PUBLIQUE;LE PETIT MONDE;1;101;ECOLE MATERNELLE;1;;488919;6776923
470481;Ecole primaire Jules Ferry;ECOLE PRIMAIRE PUBLIQUE;JULES FERRY;1;151;ECOLE DE NIVEAU ELEMENTAIRE;1;;470481;6738006
475549;Section d'enseignement général et professionnel adapté du Collège André Pioger;SEGPA;CLG ANDRE PIOGER;1;390;SECTION ENSEIGNT GEN. ET PROF. ADAPTE;3;;475549;6785095
504647;Section d'enseignement général et professionnel adapté du Collège Mauboussin;SEGPA;CLG MAUBOUSSIN;1;390;SECTION ENSEIGNT GEN. ET PROF. ADAPTE;3;;504647;6808660
492312;Ecole maternelle Eugénie Cotton;ECOLE MATERNELLE PUBLIQUE;EUGENIE COTTON;1;101;ECOLE MATERNELLE;1;;492312;6767040
497589;Collège Jacques Peletier;COLLEGE;JACQUES PELETIER;1;340;COLLEGE;3;;497589;6768096
486750;Lycée polyvalent privé Saint Joseph Lorraine;LYCEE POLYVALENT PRIVE;ST JOSEPH LORRAINE;1;306;LYCEE POLYVALENT;3;;486750;6768849
481558;Collège Pierre Belon;COLLEGE;PIERRE BELON;1;340;COLLEGE;3;;481558;6751512
491001;Lycée général et technologique Marguerite Yourcenar;LYCEE GENERAL ET TECHNOLOGIQUE;MARGUERITE YOURCENAR;1;300;LYCEE ENSEIGNT GENERAL ET TECHNOLOGIQUE;3;;491001;6769538
493858;Ecole maternelle Henri Wallon;ECOLE MATERNELLE PUBLIQUE;HENRI WALLON;1;101;ECOLE MATERNELLE;1;;493858;6769912
492196;Ecole secondaire professionnelle privée Coiffure Esthétique Espace Bel Air;ECOLE 2D DEGRE PROF.PRIVEE;COIFFURE ESTHET ESPACE BEL AIR;1;320;LYCEE PROFESSIONNEL;3;;492196;6767513
487911;ITEMM - INSTITUT TECHNOLOGIQUE EUROPEEN DES METIERS DE LA MUSIQUE;ECOLE 2D DEGRE PROF.PRIVEE;METIERS DE LA MUSIQUE;1;320;LYCEE PROFESSIONNEL;3;;487911;6772150
488584;Lycée général et technologique André Malraux;LYCEE GENERAL ET TECHNOLOGIQUE;ANDRE MALRAUX;1;300;LYCEE ENSEIGNT GENERAL ET TECHNOLOGIQUE;3;;488584;6765529
525140;Lycée général privé Saint Paul - Notre-Dame;LYCEE GENERAL PRIVE;ST PAUL-NOTRE DAME;1;302;LYCEE D ENSEIGNEMENT GENERAL;3;;525140;6790117
489711;Section d'enseignement professionnel du Lycée polyvalent privé Sainte Catherine;SECTION ENSEIGT PROFES.PRIVEE;LPO STE CATHERINE;1;334;SECTION D ENSEIGNEMENT PROFESSIONNEL;3;;489711;6772822
486750;Section d'enseignement professionnel du Lycée polyvalent privé Saint Joseph;SECTION ENSEIGT PROFES.PRIVEE;LPO ST JOSEPH LORRAINE;1;334;SECTION D ENSEIGNEMENT PROFESSIONNEL;3;;486750;6768849
450482;Section d'enseignement professionnel du Lycée polyvalent privé Sainte Anne;SECTION ENSEIGT PROFES.PRIVEE;LPO STE ANNE;1;334;SECTION D ENSEIGNEMENT PROFESSIONNEL;3;;450482;6754303
450657;Ecole primaire privée Saint Martin;ECOLE ELEMENTAIRE PRIVEE;SAINT MARTIN;1;151;ECOLE DE NIVEAU ELEMENTAIRE;1;;450657;6751872
491768;Collège expérimental Anne Frank;COLLEGE;ANNE FRANK;1;340;COLLEGE;3;;491768;6766829
501823;Collège privé Saint Martin;COLLEGE PRIVE;ST MARTIN;1;340;COLLEGE;3;;501823;6731409
493533;Ecole Technique Privée Sarth'Esthétique Formations LE MANS;ECOLE 2D DEGRE PROF.PRIVEE;SARTH'ESTHETIQUE FORMATIONS;1;320;LYCEE PROFESSIONNEL;3;;493533;6768327
490580;Beauté Coiffure Formation Sarthe;ECOLE 2D DEGRE PROF.PRIVEE;BEAUTE COIFFURE FORMATION SART;1;320;LYCEE PROFESSIONNEL;3;;490580;6771079
486851;Collège privé Ste Thérèse St Joseph;COLLEGE PRIVE;STE THERESE ST JOSEPH;1;340;COLLEGE;3;;486851;6795801
505244;college notre dame - st paul mamers;COLLEGE PRIVE;NOTRE DAME - ST PAUL;1;340;COLLEGE;3;;505244;6808700
486655;Section d'Enseignement Général et Professionnel Adapté du Clg St Joseph Lorraine;SEGPA PRIVEE CLG ST J LORRAINE;CLG ST JOSEPH LORRAINE;1;390;SECTION ENSEIGNT GEN. ET PROF. ADAPTE;3;;486655;6768641
